종목코드,종목명,시장구분,업종명,종가,대비,등락률,시가총액
"060310","3S","KOSDAQ","반도체","2640","-10","-0.38","107955587520"
"054620","AP시스템","KOSDAQ","반도체","7640","-100","-1.29","178852102040"
"090470","AST젯텍","KOSDAQ","반도체","3150","20","0.64","45983095200"
"032040","C&S자산관리","KOSDAQ","기타서비스","5290","720","15.75","151055108890"
"130960","CJ E&M","KOSDAQ","방송서비스","90800","-500","-0.55","3516873681200"
"035760","CJ오쇼핑","KOSDAQ","방송서비스","183500","-1800","-0.97","1139033678000"
"051500","CJ프레시웨이","KOSDAQ","유통","80000","1800","2.30","942397520000"
"058820","CMG제약","KOSDAQ","제약","2755","50","1.85","243258907220"
"023460","CNH","KOSDAQ","금융","1695","-20","-1.17","63054000000"
"065770","CS","KOSDAQ","통신장비","2330","5","0.22","27960000000"
"068790","DMS","KOSDAQ","기계·장비","5300","230","4.54","105403341900"
"037370","EG","KOSDAQ","유통","11750","-100","-0.84","88125000000"
"079190","EMW","KOSDAQ","통신장비","2375","-170","-6.68","43339862125"
"083450","GST","KOSDAQ","반도체","5820","40","0.69","54229275900"
"028150","GS홈쇼핑","KOSDAQ","방송서비스","191400","1400","0.74","1256062500000"
"053870","GT&T","KOSDAQ","통신장비","1220","0","0.00","9760000000"
"078150","HB테크놀러지","KOSDAQ","기계·장비","1275","10","0.79","98157495525"
"036640","HRS","KOSDAQ","화학","4185","-15","-0.36","68444838000"
"204840","IBKS제2호스팩","KOSDAQ","금융","2210","0","0.00","9945000000"
"095340","ISC","KOSDAQ","반도체","25300","0","0.00","326184702800"
"099520","ITX시큐리티","KOSDAQ","통신장비","2290","-10","-0.43","30258647070"
"067290","JW중외신약","KOSDAQ","제약","7260","280","4.01","283466395080"
"035900","JYP Ent.","KOSDAQ","오락·문화","4195","5","0.12","142810435340"
"024120","KB오토시스","KOSDAQ","운송장비·부품","5520","40","0.73","63480000000"
"021320","KCC건설","KOSDAQ","건설","9200","400","4.55","196880000000"
"036670","KCI","KOSDAQ","화학","13300","800","6.40","148029000000"
"151860","KG ETS","KOSDAQ","전기·가스·수도","3870","20","0.52","139320000000"
"046440","KG모빌리언스","KOSDAQ","소프트웨어","16300","-100","-0.61","337596162300"
"035600","KG이니시스","KOSDAQ","소프트웨어","19950","50","0.25","530272615950"
"060720","KH바텍","KOSDAQ","IT부품","15800","450","2.93","316000000000"
"083470","KJ프리텍","KOSDAQ","IT부품","3065","-130","-4.07","59387461455"
"122450","KMH","KOSDAQ","방송서비스","11200","350","3.23","150401384000"
"058400","KNN","KOSDAQ","방송서비스","7500","100","1.35","99322290000"
"114450","KPX생명과학","KOSDAQ","제약","4010","20","0.50","60150000000"
"036030","KTH","KOSDAQ","인터넷","9690","-90","-0.92","346078563180"
"043610","KT뮤직","KOSDAQ","디지털컨텐츠","5940","-90","-1.49","248374168020"
"060370","KT서브마린","KOSDAQ","건설","4595","-10","-0.22","100630500000"
"079950","LIG인베니아","KOSDAQ","기계·장비","3045","55","1.84","70644000000"
"159910","MBK","KOSDAQ","반도체","2640","195","7.98","146386753920"
"086960","MDS테크","KOSDAQ","소프트웨어","25700","650","2.59","226561125600"
"065150","MPK","KOSDAQ","유통","4005","-30","-0.74","323637670035"
"160550","NEW","KOSDAQ","오락·문화","13300","750","5.98","364501209800"
"030190","NICE평가정보","KOSDAQ","기타서비스","12650","50","0.40","768042473000"
"036490","OCI머티리얼즈","KOSDAQ","반도체","95000","3900","4.28","1002028935000"
"024940","PN풍년","KOSDAQ","금속","4115","-5","-0.12","41150000000"
"091340","S&K폴리텍","KOSDAQ","IT부품","2940","-55","-1.84","24567948300"
"950110","SBI액시즈","KOSDAQ","출판·매체복제","3235","25","0.78","69117069000"
"019550","SBI인베스트먼트","KOSDAQ","금융","608","1","0.16","98536477600"
"046140","SBS콘텐츠허브","KOSDAQ","오락·문화","15100","-150","-0.98","324099680500"
"099220","SDN","KOSDAQ","유통","1155","15","1.32","34630405425"
"040610","SG&G","KOSDAQ","운송","3205","75","2.40","109249463180"
"049470","SGA","KOSDAQ","소프트웨어","1400","65","4.87","92702314600"
"052300","SH 홀딩스","KOSDAQ","운송","1320","-80","-5.71","101708756160"
"090730","SIMPAC METALLOY","KOSDAQ","금속","5630","100","1.81","73190000000"
"207930","SK1호스팩","KOSDAQ","금융","2165","55","2.61","11907500000"
"219550","SK2호스팩","KOSDAQ","금융","2120","15","0.71","13462000000"
"057500","SKC 솔믹스","KOSDAQ","반도체","1960","5","0.26","84888027280"
"178920","SKC코오롱PI","KOSDAQ","화학","11400","0","0.00","334776070800"
"066270","SK컴즈","KOSDAQ","인터넷","8820","260","3.04","383030814600"
"048550","SM C&C","KOSDAQ","기타서비스","2720","-30","-1.09","189128541440"
"051980","SNH","KOSDAQ","통신장비","7180","-160","-2.18","132470066600"
"036540","STS반도체","KOSDAQ","반도체","3180","-20","-0.63","222860607360"
"032540","TJ미디어","KOSDAQ","일반전기전자","4010","-15","-0.37","55865752090"
"048770","TPC","KOSDAQ","기계·장비","6100","-230","-3.63","78690000000"
"057030","YBM시사닷컴","KOSDAQ","기타서비스","3800","-30","-0.78","61988248600"
"040300","YTN","KOSDAQ","방송서비스","2480","0","0.00","104160000000"
"051390","YW","KOSDAQ","통신장비","3530","0","0.00","40084449040"
"052220","iMBC","KOSDAQ","디지털컨텐츠","4570","100","2.24","105110000000"
"079940","가비아","KOSDAQ","인터넷","5870","-40","-0.68","79454465080"
"078890","가온미디어","KOSDAQ","통신장비","11050","100","0.91","148160941500"
"030270","가희","KOSDAQ","섬유·의류","20700","0","0.00","25674210000"
"192410","감마누","KOSDAQ","통신장비","6830","120","1.79","24657666000"
"024840","갑을메탈","KOSDAQ","금속","748","46","6.55","79443195040"
"094480","갤럭시아컴즈","KOSDAQ","소프트웨어","6280","-70","-1.10","205315450040"
"063080","게임빌","KOSDAQ","디지털컨텐츠","70100","1200","1.74","457218557600"
"039240","경남스틸","KOSDAQ","금속","7980","-30","-0.37","39900000000"
"053950","경남제약","KOSDAQ","제약","7320","320","4.57","82209280320"
"011040","경동제약","KOSDAQ","제약","24100","100","0.42","319927500000"
"139050","경봉","KOSDAQ","컴퓨터서비스","2450","50","2.08","38523635850"
"024910","경창산업","KOSDAQ","운송장비·부품","8100","300","3.85","142236000000"
"089890","고려반도체","KOSDAQ","반도체","2740","110","4.18","22057087680"
"049720","고려신용정보","KOSDAQ","기타서비스","3805","20","0.53","54411500000"
"014570","고려제약","KOSDAQ","제약","5180","30","0.58","56980000000"
"098460","고영","KOSDAQ","기계·장비","35550","1250","3.64","484189258050"
"206660","골든브릿지제2호스팩","KOSDAQ","금융","2125","15","0.71","8287500000"
"219580","골든브릿지제3호스팩","KOSDAQ","금융","2115","15","0.71","10363500000"
"215000","골프존","KOSDAQ","소프트웨어","85000","-1600","-1.85","533410275000"
"121440","골프존유원홀딩스","KOSDAQ","소프트웨어","8200","0","0.00","351261907600"
"014200","광림","KOSDAQ","운송장비·부품","4310","110","2.62","82403937330"
"026910","광진실업","KOSDAQ","금속","3050","15","0.49","19536485250"
"090150","광진윈텍","KOSDAQ","운송장비·부품","2470","45","1.86","23856230710"
"208710","교보3호스팩","KOSDAQ","금융","2160","15","0.70","11016000000"
"222810","교보4호스팩","KOSDAQ","금융","2200","10","0.46","6820000000"
"223040","교보5호스팩","KOSDAQ","금융","2110","-10","-0.47","11457300000"
"053270","구영테크","KOSDAQ","운송장비·부품","1750","-10","-0.57","34639804500"
"066620","국보디자인","KOSDAQ","건설","18050","150","0.84","135375000000"
"043650","국순당","KOSDAQ","음식료·담배","7330","-220","-2.91","130901368320"
"006050","국영지앤엠","KOSDAQ","비금속","1440","-15","-1.03","45354418560"
"060480","국일신동","KOSDAQ","금속","2145","30","1.42","23788050000"
"078130","국일제지","KOSDAQ","종이·목재","2985","-90","-2.93","61455878490"
"019010","그랜드백화점","KOSDAQ","유통","12950","50","0.39","62419000000"
"900070","글로벌에스엠","KOSDAQ","기타서비스","3800","-5","-0.13","161523047000"
"053260","금강철강","KOSDAQ","금속","3320","35","1.07","62150400000"
"058370","금성테크","KOSDAQ","유통","2165","-40","-1.81","32205706475"
"130500","금호엔티","KOSDAQ","섬유·의류","3200","65","2.07","22400000000"
"036190","금화피에스시","KOSDAQ","건설","43000","-100","-0.23","258000000000"
"049080","기가레인","KOSDAQ","IT부품","6240","-180","-2.80","110475587040"
"035460","기산텔레콤","KOSDAQ","통신장비","3065","-20","-0.65","43943947100"
"187790","나노","KOSDAQ","화학","2560","50","1.99","57049433600"
"151910","나노스","KOSDAQ","IT부품","8300","270","3.36","100141682900"
"121600","나노신소재","KOSDAQ","화학","34700","250","0.73","250958103400"
"039860","나노엔텍","KOSDAQ","의료·정밀기기","8110","180","2.27","197383921180"
"091970","나노캠텍","KOSDAQ","화학","2545","5","0.20","25653600000"
"051490","나라엠앤디","KOSDAQ","기계·장비","4235","-145","-3.31","60137000000"
"089600","나스미디어","KOSDAQ","기타서비스","56900","-2300","-3.89","469221980800"
"138610","나이벡","KOSDAQ","제약","8980","50","0.56","46235873780"
"130580","나이스디앤비","KOSDAQ","기타서비스","7550","-450","-5.63","116270000000"
"036800","나이스정보통신","KOSDAQ","통신서비스","45400","1000","2.25","454000000000"
"091590","남화토건","KOSDAQ","건설","6010","-60","-0.99","70557400000"
"168330","내츄럴엔도텍","KOSDAQ","기타서비스","24100","1100","4.78","469382011200"
"072770","네오디안테크놀로지","KOSDAQ","소프트웨어","1860","80","4.49","29666410380"
"095660","네오위즈게임즈","KOSDAQ","디지털컨텐츠","18450","-100","-0.54","404331897600"
"042420","네오위즈홀딩스","KOSDAQ","기타서비스","17250","200","1.17","157955938500"
"037340","네오이녹스엔모크스","KOSDAQ","통신장비","1375","15","1.10","69016620750"
"085910","네오티스","KOSDAQ","기계·장비","5750","-30","-0.52","60022484750"
"092730","네오팜","KOSDAQ","화학","27400","500","1.86","204437893800"
"101400","네오피델리티","KOSDAQ","반도체","2900","40","1.40","31623601000"
"153460","네이블","KOSDAQ","소프트웨어","5610","80","1.45","27383285160"
"007390","네이처셀","KOSDAQ","음식료·담배","4080","40","0.99","200543228160"
"033640","네패스","KOSDAQ","반도체","7270","10","0.14","158669014980"
"087730","네패스신소재","KOSDAQ","반도체","13650","250","1.87","39039000000"
"073070","넥센테크","KOSDAQ","운송장비·부품","6040","50","0.83","87580000000"
"089140","넥스턴","KOSDAQ","기계·장비","15500","-400","-2.52","89900000000"
"065170","넥스트BT","KOSDAQ","유통","2390","-70","-2.85","90780153920"
"139670","넥스트리밍","KOSDAQ","소프트웨어","6130","-20","-0.33","43013664430"
"137940","넥스트아이","KOSDAQ","의료·정밀기기","4660","-5","-0.11","37043943040"
"092600","넥스트칩","KOSDAQ","반도체","7410","290","4.07","98534475000"
"041140","넥슨지티","KOSDAQ","디지털컨텐츠","11700","50","0.43","413867867400"
"031390","녹십자셀","KOSDAQ","제약","48750","-50","-0.10","570177026250"
"142280","녹십자엠에스","KOSDAQ","제약","15950","-50","-0.31","152482000000"
"054050","농우바이오","KOSDAQ","농업, 임업 및 어업","22050","-150","-0.68","315315000000"
"040160","누리텔레콤","KOSDAQ","소프트웨어","13250","350","2.71","159735838750"
"069140","누리플랜","KOSDAQ","금속","5110","-40","-0.78","23199824130"
"126870","뉴로스","KOSDAQ","기계·장비","9650","0","0.00","68872426350"
"060260","뉴보텍","KOSDAQ","화학","1455","-25","-1.69","35813252145"
"012340","뉴인텍","KOSDAQ","IT부품","1635","-85","-4.94","62334636600"
"900100","뉴프라이드","KOSDAQ","유통","9080","2090","29.90","311040339520"
"085670","뉴프렉스","KOSDAQ","IT부품","2350","-40","-1.67","28545821300"
"053290","능률교육","KOSDAQ","출판·매체복제","3900","20","0.52","45043050000"
"119860","다나와","KOSDAQ","인터넷","11050","150","1.38","73205266550"
"064260","다날","KOSDAQ","디지털컨텐츠","9970","120","1.22","216139171380"
"093640","다믈멀티미디어","KOSDAQ","반도체","4225","85","2.05","27127356100"
"039560","다산네트웍스","KOSDAQ","통신장비","5960","-40","-0.67","118975498720"
"032190","다우데이타","KOSDAQ","유통","21250","-300","-1.39","758625000000"
"068240","다원시스","KOSDAQ","IT부품","36300","700","1.97","484262291700"
"035720","다음카카오","KOSDAQ","인터넷","127400","1500","1.19","7644478514400"
"012860","대동","KOSDAQ","운송장비·부품","3490","225","6.89","94230000000"
"020400","대동금속","KOSDAQ","금속","33700","1400","4.33","16176000000"
"008830","대동기어","KOSDAQ","기계·장비","27700","0","0.00","24895430400"
"048470","대동스틸","KOSDAQ","금속","3160","60","1.94","31600000000"
"004780","대륙제관","KOSDAQ","금속","7200","150","2.13","114503032800"
"017650","대림제지","KOSDAQ","종이·목재","4235","40","0.95","38115000000"
"007720","대명코퍼레이션","KOSDAQ","통신장비","1410","45","3.30","142128634500"
"078140","대봉엘에스","KOSDAQ","제약","10350","-100","-0.96","114746092650"
"036480","대성미생물","KOSDAQ","제약","120000","700","0.59","45600000000"
"025440","대성엘텍","KOSDAQ","일반전기전자","813","-4","-0.49","55897819878"
"027830","대성창투","KOSDAQ","금융","2090","30","1.46","83600000000"
"104040","대성파인텍","KOSDAQ","운송장비·부품","5640","-60","-1.05","30107261880"
"217270","대신밸런스제1호스팩","KOSDAQ","금융","2120","-35","-1.62","10862880000"
"020180","대신정보통신","KOSDAQ","컴퓨터서비스","999","22","2.25","38390486085"
"045390","대아티아이","KOSDAQ","소프트웨어","1355","15","1.12","95921848360"
"108380","대양전기공업","KOSDAQ","운송장비·부품","12900","50","0.39","123418595700"
"006580","대양제지","KOSDAQ","종이·목재","16150","550","3.53","43362750000"
"215480","대우SBI스팩1호","KOSDAQ","금융","2300","15","0.66","8130500000"
"204440","대우스팩2호","KOSDAQ","금융","2130","-30","-1.39","12247500000"
"215580","대우스팩3호","KOSDAQ","금융","2170","-15","-0.69","11739700000"
"048910","대원미디어","KOSDAQ","오락·문화","8220","-10","-0.12","90903040080"
"005710","대원산업","KOSDAQ","운송장비·부품","7190","280","4.05","130973040000"
"120240","대정화금","KOSDAQ","화학","14800","-200","-1.33","89521159600"
"003310","대주산업","KOSDAQ","음식료·담배","1090","10","0.93","38577661500"
"078600","대주전자재료","KOSDAQ","IT부품","5490","50","0.92","49964616270"
"065690","대진디엠피","KOSDAQ","화학","4615","65","1.43","57991167000"
"096350","대창솔루션","KOSDAQ","금속","2190","25","1.15","24528000000"
"140520","대창스틸","KOSDAQ","금속","4120","35","0.86","60011920000"
"131220","대한과학","KOSDAQ","유통","10900","200","1.87","76919970200"
"010170","대한광통신","KOSDAQ","일반전기전자","1000","11","1.11","46962073000"
"054670","대한뉴팜","KOSDAQ","제약","19500","-50","-0.26","279920940000"
"023910","대한약품","KOSDAQ","제약","22650","-350","-1.52","135900000000"
"021040","대호피앤씨","KOSDAQ","금속","1285","10","0.78","64394981410"
"021045","대호피앤씨우","KOSDAQ","금속","1830","45","2.52","7763712780"
"067080","대화제약","KOSDAQ","제약","29000","-50","-0.17","528524246000"
"213420","덕산네오룩스","KOSDAQ","반도체","17950","50","0.28","215539471500"
"077360","덕산하이메탈","KOSDAQ","반도체","8570","-30","-0.35","194697553570"
"090410","덕신하우징","KOSDAQ","금속","7300","180","2.53","58487600000"
"194480","데브시스터즈","KOSDAQ","디지털컨텐츠","29150","-100","-0.34","317778725000"
"017680","데코앤이","KOSDAQ","섬유·의류","1500","100","7.14","78033264000"
"067990","도이치모터스","KOSDAQ","유통","3970","-5","-0.13","104265332760"
"100130","동국S&C","KOSDAQ","금속","3520","70","2.03","201143360000"
"005160","동국산업","KOSDAQ","금속","3410","-20","-0.58","170500000000"
"075970","동국알앤에스","KOSDAQ","비금속","1885","20","1.07","34684000000"
"086450","동국제약","KOSDAQ","제약","46550","950","2.08","413922600000"
"099410","동방선기","KOSDAQ","운송장비·부품","2025","25","1.25","22200079050"
"045890","동부라이텍","KOSDAQ","일반전기전자","2095","5","0.24","53385196430"
"207760","동부스팩2호","KOSDAQ","금융","5880","-70","-1.18","32340000000"
"026960","동서","KOSDAQ","유통","36050","-650","-1.77","3594185000000"
"033500","동성화인텍","KOSDAQ","화학","6070","20","0.33","163790506630"
"025950","동신건설","KOSDAQ","건설","5240","30","0.58","44016000000"
"088130","동아엘텍","KOSDAQ","기계·장비","10400","-450","-4.15","113557069600"
"041930","동아화성","KOSDAQ","화학","5540","-10","-0.18","87532000000"
"038500","동양시멘트","KOSDAQ","비금속","5800","10","0.17","622671603400"
"060380","동양에스텍","KOSDAQ","금속","2790","0","0.00","27900000000"
"079960","동양이엔피","KOSDAQ","IT부품","12700","350","2.83","99822000000"
"104460","동양피엔에프","KOSDAQ","기계·장비","5210","30","0.58","55817986250"
"088910","동우","KOSDAQ","음식료·담배","3990","165","4.31","91211400000"
"094170","동운아나텍","KOSDAQ","반도체","11700","150","1.30","70094700000"
"013120","동원개발","KOSDAQ","건설","46850","550","1.19","425435948500"
"109860","동일금속","KOSDAQ","금속","9100","-10","-0.11","63700000000"
"032960","동일기연","KOSDAQ","IT부품","12600","650","5.44","70528361400"
"023790","동일철강","KOSDAQ","금속","3940","100","2.60","28939634900"
"005290","동진쎄미켐","KOSDAQ","반도체","5320","-70","-1.30","248752804720"
"025900","동화기업","KOSDAQ","종이·목재","46750","2050","4.59","671178343000"
"078590","두올산업","KOSDAQ","운송장비·부품","2120","-15","-0.70","27295572400"
"030350","드래곤플라이","KOSDAQ","디지털컨텐츠","8050","50","0.63","113335330150"
"073190","디비케이","KOSDAQ","기타제조","2710","-125","-4.41","32433388400"
"066670","디스플레이텍","KOSDAQ","IT부품","5200","-30","-0.57","97197973600"
"109740","디에스케이","KOSDAQ","기계·장비","8510","-110","-1.28","55315000000"
"090710","디에스티로봇","KOSDAQ","기계·장비","4840","-180","-3.59","45946923440"
"131030","디에이치피코리아","KOSDAQ","제약","11450","150","1.33","189666925650"
"196490","디에이테크놀로지","KOSDAQ","기계·장비","7050","-70","-0.98","42607986300"
"066900","디에이피","KOSDAQ","IT부품","3960","70","1.80","90068231880"
"127120","디엔에이링크","KOSDAQ","기타서비스","12450","150","1.22","78167275200"
"092070","디엔에프","KOSDAQ","화학","19500","-150","-0.76","209855646000"
"101000","디엠씨","KOSDAQ","기계·장비","3200","0","0.00","40846800000"
"134580","디엠티","KOSDAQ","통신장비","4335","-15","-0.34","48768750000"
"039840","디오","KOSDAQ","의료·정밀기기","21650","1400","6.91","328460874950"
"108860","디오텍","KOSDAQ","소프트웨어","4570","25","0.55","100795668650"
"079810","디이엔티","KOSDAQ","기계·장비","3270","30","0.93","27141000000"
"113810","디젠스","KOSDAQ","운송장비·부품","1565","95","6.46","30063650000"
"043360","디지아이","KOSDAQ","정보기기","2900","30","1.05","26100000000"
"106520","디지탈옵틱","KOSDAQ","의료·정밀기기","31800","-1100","-3.34","226343432400"
"068930","디지털대성","KOSDAQ","기타서비스","3345","85","2.61","74049010935"
"033130","디지틀조선","KOSDAQ","디지털컨텐츠","4170","45","1.09","154770663390"
"033310","디케이디앤아이","KOSDAQ","금속","3540","-180","-4.84","77782334940"
"105740","디케이락","KOSDAQ","기계·장비","5950","30","0.51","46740546300"
"187220","디티앤씨","KOSDAQ","기타서비스","19300","300","1.58","190183242200"
"131180","딜리","KOSDAQ","정보기기","2900","110","3.94","85115000000"
"042510","라온시큐어","KOSDAQ","소프트웨어","5820","-70","-1.19","185131941840"
"050120","라이브플렉스","KOSDAQ","유통","1470","45","3.16","53645189220"
"171120","라이온켐텍","KOSDAQ","화학","15250","200","1.33","234636576250"
"171010","램테크놀러지","KOSDAQ","반도체","4855","-90","-1.82","42511001440"
"084650","랩지노믹스","KOSDAQ","기타서비스","31850","-550","-1.70","136320420600"
"141080","레고켐바이오","KOSDAQ","기타서비스","25550","2800","12.31","196245155400"
"060300","레드로버","KOSDAQ","오락·문화","9510","10","0.11","323395747620"
"184230","레드비씨","KOSDAQ","소프트웨어","3480","25","0.72","78217558800"
"038390","레드캡투어","KOSDAQ","기타서비스","23350","50","0.21","200564358000"
"047440","레이젠","KOSDAQ","IT부품","1845","-15","-0.81","30660448005"
"026040","로만손","KOSDAQ","기타제조","12400","0","0.00","204646996000"
"090360","로보스타","KOSDAQ","기계·장비","12800","-450","-3.40","99840000000"
"016170","로엔","KOSDAQ","출판·매체복제","79500","-500","-0.63","2010690547500"
"067730","로지시스","KOSDAQ","컴퓨터서비스","7540","240","3.29","70430551880"
"071280","로체시스템즈","KOSDAQ","일반전기전자","4290","-50","-1.15","35282684580"
"043710","로켓모바일","KOSDAQ","기타제조","8440","-60","-0.71","152387466280"
"109960","로코조이","KOSDAQ","통신장비","7490","-260","-3.35","126749420140"
"038060","루멘스","KOSDAQ","반도체","3820","80","2.14","180597314880"
"082800","루미마이크로","KOSDAQ","반도체","1140","15","1.33","43248750000"
"085370","루트로닉","KOSDAQ","의료·정밀기기","40500","-700","-1.70","425753860500"
"060240","룽투코리아","KOSDAQ","기타서비스","15100","250","1.68","276028000000"
"042940","르네코","KOSDAQ","건설","1100","-30","-2.65","13257333100"
"058470","리노공업","KOSDAQ","반도체","44300","100","0.23","675236991000"
"039980","리노스","KOSDAQ","유통","3295","195","6.29","118607324135"
"012700","리드코프","KOSDAQ","유통","16550","0","0.00","442699756500"
"038340","리젠","KOSDAQ","유통","1930","15","0.78","86438817360"
"131100","리켐","KOSDAQ","IT부품","2950","-205","-6.50","34515000000"
"042500","링네트","KOSDAQ","컴퓨터서비스","4030","10","0.25","58785118340"
"098120","마이크로컨텍솔","KOSDAQ","반도체","8410","200","2.44","69910362060"
"035480","마제스타","KOSDAQ","오락·문화","3725","-45","-1.19","112997595625"
"038290","마크로젠","KOSDAQ","기타서비스","34300","0","0.00","305684309700"
"005990","매일유업","KOSDAQ","음식료·담배","38800","0","0.00","519920000000"
"093520","매커스","KOSDAQ","유통","2900","10","0.35","46785966800"
"141070","맥스로텍","KOSDAQ","기계·장비","2340","15","0.65","26742830400"
"072870","메가스터디","KOSDAQ","기타서비스","40400","1450","3.72","162258156400"
"215200","메가스터디교육","KOSDAQ","기타서비스","64200","800","1.26","149224939200"
"041920","메디아나","KOSDAQ","의료·정밀기기","19000","-300","-1.55","137194820000"
"086900","메디톡스","KOSDAQ","제약","430000","3700","0.87","2432310050000"
"078160","메디포스트","KOSDAQ","제약","90500","800","0.89","685443018000"
"065650","메디프론","KOSDAQ","유통","3700","40","1.09","91295106100"
"140410","메지온","KOSDAQ","기타서비스","28100","0","0.00","229239800000"
"059210","메타바이오메드","KOSDAQ","제약","5170","10","0.19","111255484120"
"096640","멜파스","KOSDAQ","IT부품","4275","15","0.35","76852320525"
"149940","모다정보통신","KOSDAQ","통신장비","4070","-5","-0.12","39951120000"
"080160","모두투어","KOSDAQ","기타서비스","38200","-150","-0.39","481320000000"
"100030","모바일리더","KOSDAQ","소프트웨어","10300","200","1.98","33822254200"
"101330","모베이스","KOSDAQ","IT부품","8210","310","3.92","106401600000"
"033200","모아텍","KOSDAQ","IT부품","2900","0","0.00","41560436500"
"006920","모헨즈","KOSDAQ","비금속","4300","-20","-0.46","46956000000"
"001810","무림SP","KOSDAQ","종이·목재","4050","105","2.66","89656875000"
"161570","미동전자통신","KOSDAQ","정보기기","6150","230","3.89","55350000000"
"095500","미래나노텍","KOSDAQ","IT부품","4955","5","0.10","115399636015"
"215750","미래에셋제3호스팩","KOSDAQ","금융","2180","-20","-0.91","13298000000"
"222420","미래에셋제4호스팩","KOSDAQ","금융","2185","-10","-0.46","7210500000"
"049950","미래컴퍼니","KOSDAQ","기계·장비","10050","50","0.50","76991321400"
"059090","미코","KOSDAQ","반도체","3060","20","0.66","78158281320"
"214180","민앤지","KOSDAQ","소프트웨어","39300","150","0.38","224690440200"
"206640","바디텍메드","KOSDAQ","제약","3270","165","5.31","686310775170"
"018700","바른손","KOSDAQ","숙박·음식","2420","35","1.47","26915699800"
"035620","바른손이앤에이","KOSDAQ","디지털컨텐츠","2705","0","0.00","177128290640"
"064520","바른전자","KOSDAQ","반도체","1325","0","0.00","66022725400"
"053030","바이넥스","KOSDAQ","제약","18350","1450","8.58","566949820800"
"084990","바이로메드","KOSDAQ","기타서비스","131200","8200","6.67","1862761462400"
"064550","바이오니아","KOSDAQ","제약","10000","40","0.40","140130080000"
"052260","바이오랜드","KOSDAQ","화학","24350","0","0.00","365250000000"
"038460","바이오스마트","KOSDAQ","정보기기","11550","-400","-3.35","191881131750"
"086040","바이오톡스텍","KOSDAQ","기타서비스","7360","-60","-0.81","106128425280"
"043150","바텍","KOSDAQ","의료·정밀기기","40500","1350","3.45","601597368000"
"046310","백금T&A","KOSDAQ","통신장비","2775","-120","-4.15","31776525000"
"066110","백산OPC","KOSDAQ","정보기기","1165","-10","-0.85","30076961110"
"036620","버추얼텍","KOSDAQ","유통","2130","70","3.40","31667570520"
"104200","벅스","KOSDAQ","디지털컨텐츠","13900","900","6.92","206102945000"
"019660","베리타스","KOSDAQ","금융","3120","-20","-0.64","58228706640"
"177350","베셀","KOSDAQ","반도체","7470","-140","-1.84","40679095140"
"014100","보령메디앙스","KOSDAQ","화학","25500","-450","-1.73","275400000000"
"006910","보성파워텍","KOSDAQ","금속","4360","20","0.46","157195435640"
"026260","보타바이오","KOSDAQ","인터넷","7120","820","13.02","173801421440"
"014470","부방","KOSDAQ","일반전기전자","7060","-20","-0.28","171929941980"
"025270","부산방직","KOSDAQ","섬유·의류","7680","20","0.26","61440000000"
"008470","부스타","KOSDAQ","금속","5130","250","5.12","42792408000"
"100120","뷰웍스","KOSDAQ","의료·정밀기기","34700","1500","4.52","347064715500"
"064480","브리지텍","KOSDAQ","컴퓨터서비스","7070","70","1.00","84504175000"
"033560","블루콤","KOSDAQ","IT부품","13750","0","0.00","264000000000"
"200780","비씨월드제약","KOSDAQ","제약","34450","1650","5.03","229914063600"
"052900","비아이이엠티","KOSDAQ","반도체","1995","0","0.00","71945587245"
"141000","비아트론","KOSDAQ","반도체","13100","200","1.55","142187766800"
"090460","비에이치","KOSDAQ","IT부품","6190","260","4.38","96779956720"
"083650","비에이치아이","KOSDAQ","기계·장비","4235","-20","-0.47","110110000000"
"086670","비엠티","KOSDAQ","기계·장비","5850","-60","-1.02","47657194650"
"082920","비츠로셀","KOSDAQ","IT부품","13550","-250","-1.81","174214707700"
"054220","비츠로시스","KOSDAQ","일반전기전자","1115","0","0.00","44911227720"
"042370","비츠로테크","KOSDAQ","일반전기전자","4970","-30","-0.60","67002145490"
"032850","비트컴퓨터","KOSDAQ","소프트웨어","8970","200","2.28","149110938210"
"093190","빅솔론","KOSDAQ","정보기기","15000","300","2.04","153000000000"
"065450","빅텍","KOSDAQ","의료·정밀기기","2400","25","1.05","58800000000"
"069540","빛과전자","KOSDAQ","통신장비","4030","190","4.95","25453931360"
"072950","빛샘전자","KOSDAQ","반도체","5000","-50","-0.99","30000000000"
"143240","사람인에이치알","KOSDAQ","인터넷","23100","0","0.00","268751475300"
"123260","사파이어테크놀로지","KOSDAQ","반도체","12800","0","0.00","106595443200"
"016100","산성앨엔에스","KOSDAQ","화학","43300","900","2.12","776781086100"
"100090","삼강엠앤티","KOSDAQ","금속","5420","-60","-1.09","73907526500"
"122350","삼기오토모티브","KOSDAQ","운송장비·부품","4025","20","0.50","124079705400"
"014970","삼륭물산","KOSDAQ","종이·목재","7250","460","6.77","109656250000"
"158380","삼목강업","KOSDAQ","운송장비·부품","3495","30","0.87","35649000000"
"018310","삼목에스폼","KOSDAQ","금속","21700","450","2.12","212660000000"
"053700","삼보모터스","KOSDAQ","운송장비·부품","7940","550","7.44","96700743900"
"009620","삼보산업","KOSDAQ","금속","24000","0","0.00","33600000000"
"023600","삼보판지","KOSDAQ","종이·목재","8680","80","0.93","121520000000"
"111870","삼본정밀전자","KOSDAQ","일반전기전자","8290","-100","-1.19","78755000000"
"009300","삼아제약","KOSDAQ","제약","13800","250","1.85","87906000000"
"054540","삼영엠텍","KOSDAQ","금속","3545","25","0.71","48016411715"
"065570","삼영이엔씨","KOSDAQ","통신장비","8240","20","0.24","72512000000"
"082660","삼우엠스","KOSDAQ","IT부품","3635","5","0.14","40152907920"
"073640","삼원테크","KOSDAQ","금속","1035","-25","-2.36","27841500000"
"032280","삼일","KOSDAQ","운송","2705","10","0.37","39759277495"
"002290","삼일기업공사","KOSDAQ","건설","2290","-80","-3.38","28396000000"
"037460","삼지전자","KOSDAQ","통신장비","5620","-30","-0.53","77728331680"
"032750","삼진","KOSDAQ","일반전기전자","6540","70","1.08","39240000000"
"054090","삼진엘앤디","KOSDAQ","IT부품","3210","15","0.47","69186908340"
"000250","삼천당제약","KOSDAQ","제약","9220","40","0.44","195806670520"
"024950","삼천리자전거","KOSDAQ","유통","21300","700","3.40","282727190100"
"017480","삼현철강","KOSDAQ","금속","4160","-30","-0.72","65324022400"
"046390","삼화네트웍스","KOSDAQ","오락·문화","1310","20","1.55","56045642230"
"027580","상보","KOSDAQ","IT부품","4485","30","0.67","97089427695"
"091580","상신이디피","KOSDAQ","IT부품","5070","-30","-0.59","57265903500"
"089980","상아프론테크","KOSDAQ","화학","8830","-240","-2.65","110687705620"
"042600","새로닉스","KOSDAQ","IT부품","3470","40","1.17","43109801780"
"038070","서린바이오","KOSDAQ","유통","19650","100","0.51","111452717100"
"006730","서부T&D","KOSDAQ","유통","22050","-100","-0.45","757026443250"
"079650","서산","KOSDAQ","비금속","127400","-500","-0.39","50960000000"
"100660","서암기계공업","KOSDAQ","기계·장비","3395","40","1.19","42777000000"
"046890","서울반도체","KOSDAQ","반도체","14350","150","1.06","836682490000"
"036120","서울신용평가","KOSDAQ","기타서비스","1380","-20","-1.43","48990000000"
"063170","서울옥션","KOSDAQ","유통","23200","1350","6.18","392486000000"
"027040","서울전자통신","KOSDAQ","일반전기전자","912","-17","-1.83","55213973856"
"018680","서울제약","KOSDAQ","제약","16250","0","0.00","115667353750"
"093920","서원인텍","KOSDAQ","IT부품","13000","-150","-1.14","241800000000"
"189860","서전기전","KOSDAQ","일반전기전자","10900","300","2.83","52858351000"
"122690","서진오토모티브","KOSDAQ","운송장비·부품","3895","160","4.28","62446490125"
"011370","서한","KOSDAQ","건설","2400","40","1.69","242147676000"
"065710","서호전기","KOSDAQ","일반전기전자","9460","-320","-3.27","48719000000"
"033790","서화정보통신","KOSDAQ","통신장비","1695","-5","-0.29","19342323000"
"035890","서희건설","KOSDAQ","건설","1140","40","3.64","182328408000"
"003100","선광","KOSDAQ","운송","25400","-450","-1.74","167640000000"
"123420","선데이토즈","KOSDAQ","디지털컨텐츠","15050","150","1.01","485420261900"
"014620","성광벤드","KOSDAQ","금속","10150","0","0.00","290290000000"
"037350","성도이엔지","KOSDAQ","기타서비스","4335","40","0.93","66628950000"
"081580","성우전자","KOSDAQ","IT부품","5220","245","4.92","76212000000"
"045300","성우테크론","KOSDAQ","반도체","2715","105","4.02","21662135205"
"015750","성우하이텍","KOSDAQ","운송장비·부품","8180","280","3.54","490800000000"
"080470","성창오토텍","KOSDAQ","운송장비·부품","4355","155","3.69","31791500000"
"043260","성호전자","KOSDAQ","IT부품","926","6","0.65","27322687492"
"053060","세동","KOSDAQ","운송장비·부품","1610","5","0.31","21684832400"
"017510","세명전기","KOSDAQ","금속","3480","-15","-0.43","53056080000"
"214310","세미콘라이트","KOSDAQ","반도체","8990","20","0.22","46833405000"
"011560","세보엠이씨","KOSDAQ","건설","7260","0","0.00","76447800000"
"096690","세우테크","KOSDAQ","정보기기","2800","0","0.00","28000000000"
"100700","세운메디칼","KOSDAQ","제약","6320","150","2.43","276816000000"
"024830","세원물산","KOSDAQ","운송장비·부품","8950","140","1.59","74732500000"
"036630","세종텔레콤","KOSDAQ","통신서비스","576","-4","-0.69","115387848576"
"039310","세중","KOSDAQ","기타서비스","3330","25","0.76","60345151110"
"080440","세진전자","KOSDAQ","운송장비·부품","572","-2","-0.35","10784462832"
"067770","세진티에스","KOSDAQ","IT부품","3050","-60","-1.93","25609608650"
"053450","세코닉스","KOSDAQ","의료·정밀기기","18950","350","1.88","153826151250"
"158310","세호로보트","KOSDAQ","기계·장비","10900","1590","17.08","47533374000"
"049180","셀루메드","KOSDAQ","제약","3760","-50","-1.31","113523066800"
"068270","셀트리온","KOSDAQ","제약","68100","200","0.29","7628990144700"
"068760","셀트리온제약","KOSDAQ","제약","12750","-50","-0.39","265941693000"
"053110","소리바다","KOSDAQ","디지털컨텐츠","4205","-70","-1.64","132039081475"
"052190","소프트맥스","KOSDAQ","디지털컨텐츠","9660","-40","-0.41","59988600000"
"032680","소프트센","KOSDAQ","유통","1615","5","0.31","48812898575"
"032685","소프트센우","KOSDAQ","유통","17000","500","3.03","2428569000"
"054920","소프트포럼","KOSDAQ","소프트웨어","3525","-5","-0.14","41736000000"
"066910","손오공","KOSDAQ","기타제조","6470","-130","-1.97","141668161670"
"043100","솔고바이오","KOSDAQ","의료·정밀기기","1130","30","2.73","93133143430"
"070300","솔라시아","KOSDAQ","소프트웨어","11150","400","3.72","68751725100"
"154040","솔루에타","KOSDAQ","IT부품","7250","-30","-0.41","79942241000"
"035610","솔본","KOSDAQ","기타서비스","7420","90","1.23","202907297740"
"036830","솔브레인","KOSDAQ","화학","43150","250","0.58","714700397150"
"039230","솔브레인이엔지","KOSDAQ","반도체","1140","40","3.64","41527285020"
"086980","쇼박스","KOSDAQ","오락·문화","8440","-40","-0.47","528344000000"
"084180","수성","KOSDAQ","기계·장비","3900","10","0.26","31980000000"
"094840","슈프리마","KOSDAQ","컴퓨터서비스","22600","100","0.44","332852800000"
"192440","슈피겐코리아","KOSDAQ","IT부품","98200","100","0.10","610446846600"
"099440","스맥","KOSDAQ","기계·장비","4350","40","0.93","95263173000"
"115570","스타플렉스","KOSDAQ","화학","7410","110","1.51","43212756210"
"032860","스틸앤리소시즈","KOSDAQ","기타서비스","2280","0","0.00","38361168720"
"087220","스틸플라워","KOSDAQ","금속","1925","95","5.19","61937943375"
"013810","스페코","KOSDAQ","기계·장비","4160","30","0.73","57486166400"
"039670","스포츠서울","KOSDAQ","출판·매체복제","1010","0","0.00","20496197650"
"049830","승일","KOSDAQ","기타제조","15050","150","1.01","92288285600"
"111610","승화프리텍","KOSDAQ","건설","17400","0","0.00","502411027800"
"020710","시공테크","KOSDAQ","기타서비스","6890","150","2.23","138130513300"
"033170","시그네틱스","KOSDAQ","반도체","1440","30","2.13","123448779360"
"025320","시노펙스","KOSDAQ","IT부품","1530","15","0.99","98427915630"
"131090","시큐브","KOSDAQ","소프트웨어","5280","50","0.96","32736000000"
"001000","신라섬유","KOSDAQ","기타서비스","17400","4000","29.85","84485839200"
"025870","신라에스지","KOSDAQ","음식료·담배","10250","2340","29.58","41000000000"
"065350","신성델타테크","KOSDAQ","일반전기전자","3190","100","3.24","64905966620"
"086830","신양","KOSDAQ","IT부품","1050","10","0.96","34345330950"
"017000","신원종합개발","KOSDAQ","건설","5020","0","0.00","50541495540"
"012790","신일제약","KOSDAQ","제약","17500","350","2.04","138250000000"
"138070","신진에스엠","KOSDAQ","금속","24800","-500","-1.98","222510138400"
"203650","신한제2호SPAC","KOSDAQ","금융","2125","15","0.71","11687500000"
"056700","신화인터텍","KOSDAQ","화학","2375","35","1.50","69195841125"
"187270","신화콘텍","KOSDAQ","IT부품","5680","140","2.53","42427674480"
"066430","신후","KOSDAQ","기타서비스","1950","-50","-2.50","43898661300"
"007820","신흥기계","KOSDAQ","기계·장비","8080","180","2.28","123864339600"
"108320","실리콘웍스","KOSDAQ","반도체","34550","1650","5.02","561931565000"
"204630","심엔터테인먼트","KOSDAQ","오락·문화","3100","100","3.33","53524156700"
"222800","심텍","KOSDAQ","반도체","10850","400","3.83","238107752750"
"036710","심텍홀딩스","KOSDAQ","반도체","3390","35","1.04","52215590310"
"160980","싸이맥스","KOSDAQ","반도체","10100","140","1.41","54599216300"
"010280","쌍용정보통신","KOSDAQ","컴퓨터서비스","1370","65","4.98","55435726580"
"051170","썬코어","KOSDAQ","기계·장비","4900","-50","-1.01","158893343700"
"037760","쎄니트","KOSDAQ","금속","1595","140","9.62","51653966540"
"136510","쎄미시스코","KOSDAQ","기계·장비","4200","150","3.70","22680000000"
"099320","쎄트렉아이","KOSDAQ","통신장비","24950","450","1.84","91316750500"
"049960","쎌바이오텍","KOSDAQ","제약","60900","1000","1.67","572460000000"
"050890","쏠리드","KOSDAQ","통신장비","5950","260","4.57","127778665700"
"099830","씨그널엔터테인먼트그룹","KOSDAQ","컴퓨터서비스","2515","80","3.29","115214707755"
"066790","씨씨에스","KOSDAQ","방송서비스","842","109","14.87","66634466282"
"086200","씨앤비텍","KOSDAQ","통신장비","6650","-240","-3.48","68769379000"
"021880","씨엑스씨종합캐피탈","KOSDAQ","금융","1330","-240","-15.29","27444382420"
"115530","씨엔플러스","KOSDAQ","IT부품","9990","70","0.71","47182869900"
"115480","씨유메디칼","KOSDAQ","의료·정밀기기","8660","200","2.36","57616963140"
"096530","씨젠","KOSDAQ","제약","42050","650","1.57","1103010354200"
"900120","씨케이에이치","KOSDAQ","기타서비스","3980","-100","-2.45","380278572400"
"101240","씨큐브","KOSDAQ","화학","11700","150","1.30","88675236000"
"060590","씨티씨바이오","KOSDAQ","유통","18900","-250","-1.31","329335013700"
"036170","씨티엘","KOSDAQ","반도체","2345","-15","-0.64","105686722925"
"013990","아가방컴퍼니","KOSDAQ","유통","12000","-100","-0.83","393120000000"
"123860","아나패스","KOSDAQ","반도체","10650","-250","-2.29","107860005000"
"050320","아남정보기술","KOSDAQ","컴퓨터서비스","4875","-235","-4.60","36218812500"
"058220","아리온","KOSDAQ","통신장비","1905","35","1.87","19047523500"
"052710","아모텍","KOSDAQ","IT부품","20700","100","0.49","201688504200"
"074430","아미노로직스","KOSDAQ","유통","1130","15","1.35","82775121600"
"092040","아미코젠","KOSDAQ","음식료·담배","84500","1300","1.56","732568525000"
"083930","아바코","KOSDAQ","기계·장비","4015","-5","-0.12","64225967575"
"149950","아바텍","KOSDAQ","IT부품","8830","30","0.34","143995225000"
"036010","아비코전자","KOSDAQ","IT부품","5720","70","1.24","73059420720"
"050860","아세아텍","KOSDAQ","기계·장비","3660","-70","-1.88","64050000000"
"067390","아스트","KOSDAQ","운송장비·부품","32500","250","0.78","448423722500"
"127710","아시아경제","KOSDAQ","디지털컨텐츠","3155","10","0.32","79644914650"
"143160","아이디스","KOSDAQ","통신장비","20050","-650","-3.14","214863619500"
"054800","아이디스홀딩스","KOSDAQ","기타서비스","17400","-200","-1.14","180050954400"
"078780","아이디에스","KOSDAQ","IT부품","13150","0","0.00","97944684750"
"060570","아이리버","KOSDAQ","정보기기","6490","-50","-0.76","201814312040"
"099190","아이센스","KOSDAQ","의료·정밀기기","37300","-150","-0.40","339403479700"
"214430","아이쓰리시스템","KOSDAQ","일반전기전자","58300","2800","5.05","193404420000"
"040910","아이씨디","KOSDAQ","반도체","6040","-190","-3.05","99362010560"
"068940","아이씨케이","KOSDAQ","정보기기","4500","-30","-0.66","56123500500"
"052860","아이앤씨","KOSDAQ","반도체","6350","-10","-0.16","90220184050"
"069920","아이에스이커머스","KOSDAQ","유통","6160","-60","-0.96","157166812880"
"038880","아이에이","KOSDAQ","반도체","3400","0","0.00","111763327800"
"101390","아이엠","KOSDAQ","유통","3840","40","1.05","70341154560"
"114810","아이원스","KOSDAQ","IT부품","21750","0","0.00","228278560500"
"031310","아이즈비전","KOSDAQ","유통","2885","15","0.52","45503875990"
"059100","아이컴포넌트","KOSDAQ","IT부품","14850","700","4.95","100306181250"
"052460","아이크래프트","KOSDAQ","컴퓨터서비스","14500","-350","-2.36","116782536000"
"119830","아이텍반도체","KOSDAQ","반도체","3045","80","2.70","15861545070"
"124500","아이티센","KOSDAQ","컴퓨터서비스","13700","0","0.00","60556630400"
"053810","아이팩토리","KOSDAQ","기계·장비","2055","-175","-7.85","112595137155"
"032080","아즈텍WB","KOSDAQ","섬유·의류","2400","-5","-0.21","38595088800"
"059120","아진엑스텍","KOSDAQ","반도체","5630","-80","-1.40","31696900000"
"056730","아큐픽스","KOSDAQ","일반전기전자","1240","50","4.20","50288946480"
"023890","아트라스BX","KOSDAQ","IT부품","39650","150","0.38","362797500000"
"067160","아프리카TV","KOSDAQ","소프트웨어","32350","1750","5.72","334138847450"
"001540","안국약품","KOSDAQ","제약","19250","-250","-1.28","251066585000"
"053800","안랩","KOSDAQ","소프트웨어","42700","100","0.23","427591608500"
"131370","알서포트","KOSDAQ","디지털컨텐츠","3060","85","2.86","162997273980"
"096610","알에프세미","KOSDAQ","반도체","7430","80","1.09","60338807100"
"061040","알에프텍","KOSDAQ","통신장비","7160","30","0.42","90932000000"
"196170","알테오젠","KOSDAQ","기타서비스","29850","150","0.51","176262608250"
"123750","알톤스포츠","KOSDAQ","운송장비·부품","7610","240","3.26","87943420170"
"085810","알티캐스트","KOSDAQ","소프트웨어","6060","10","0.17","128612349600"
"117670","알파칩스","KOSDAQ","반도체","4370","-25","-0.57","35103755520"
"022220","애강리메텍","KOSDAQ","화학","2540","-15","-0.59","131558230660"
"052790","액토즈소프트","KOSDAQ","디지털컨텐츠","39750","250","0.63","450392860500"
"131400","액트","KOSDAQ","IT부품","1420","-5","-0.35","21300000000"
"030960","양지사","KOSDAQ","출판·매체복제","11300","2580","29.59","180574000000"
"102120","어보브반도체","KOSDAQ","반도체","5800","150","2.65","101265987400"
"067630","에너지솔루션","KOSDAQ","기타서비스","4520","-70","-1.53","66661936320"
"019990","에너토크","KOSDAQ","기계·장비","4875","0","0.00","38048741250"
"035290","에듀박스","KOSDAQ","출판·매체복제","4235","-45","-1.05","82301050370"
"025980","에머슨퍼시픽","KOSDAQ","오락·문화","31850","2100","7.06","350063700350"
"041440","에버다임","KOSDAQ","기계·장비","12000","-400","-3.23","214991328000"
"038680","에스넷","KOSDAQ","컴퓨터서비스","9150","-290","-3.07","147088217250"
"121890","에스디시스템","KOSDAQ","정보기기","6030","-200","-3.21","22914000000"
"097780","에스맥","KOSDAQ","IT부품","3845","60","1.59","69662095100"
"042110","에스씨디","KOSDAQ","일반전기전자","2100","0","0.00","101492084400"
"065420","에스아이리소스","KOSDAQ","유통","981","-8","-0.81","58908967596"
"103230","에스앤더블류","KOSDAQ","기계·장비","3620","105","2.99","26064000000"
"900080","에스앤씨엔진그룹","KOSDAQ","기타서비스","1690","25","1.50","151106614620"
"101490","에스앤에스텍","KOSDAQ","반도체","7650","230","3.10","138576582900"
"095910","에스에너지","KOSDAQ","IT부품","7010","260","3.85","77991626670"
"031330","에스에이엠티","KOSDAQ","유통","2225","0","0.00","177992421650"
"060540","에스에이티","KOSDAQ","통신장비","1720","30","1.78","30737958320"
"112240","에스에프씨","KOSDAQ","화학","3075","135","4.59","50627399625"
"056190","에스에프에이","KOSDAQ","기계·장비","45250","250","0.56","812435695000"
"080000","에스엔유","KOSDAQ","기계·장비","3860","10","0.26","78873194200"
"160600","에스엔텍","KOSDAQ","기계·장비","8920","30","0.34","63888545560"
"041510","에스엠","KOSDAQ","오락·문화","40350","600","1.51","833157452400"
"096630","에스코넥","KOSDAQ","IT부품","1185","20","1.72","77339882940"
"069510","에스텍","KOSDAQ","일반전기전자","9840","170","1.76","107354400000"
"041910","에스텍파마","KOSDAQ","제약","20200","-150","-0.74","224490013400"
"039440","에스티아이","KOSDAQ","반도체","8240","-60","-0.72","103401040800"
"098660","에스티오","KOSDAQ","섬유·의류","4940","115","2.38","41372628440"
"052020","에스티큐브","KOSDAQ","IT부품","3580","140","4.07","80305980040"
"050760","에스폴리텍","KOSDAQ","화학","1420","5","0.35","23195242760"
"058610","에스피지","KOSDAQ","IT부품","5340","10","0.19","86412018840"
"043340","에쎈테크","KOSDAQ","기계·장비","572","32","5.93","41184000000"
"054630","에이디칩스","KOSDAQ","유통","3620","-150","-3.98","33161285120"
"200710","에이디테크놀로지","KOSDAQ","반도체","16750","250","1.52","68753641250"
"031860","에이모션","KOSDAQ","유통","2795","-60","-2.10","37385724350"
"003800","에이스침대","KOSDAQ","기타제조","162500","2700","1.69","360425000000"
"088800","에이스테크","KOSDAQ","통신장비","4185","-25","-0.59","99668277630"
"138360","에이씨티","KOSDAQ","화학","18550","-600","-3.13","113433250000"
"028300","에이치엘비","KOSDAQ","운송장비·부품","24900","-900","-3.49","850293964800"
"044780","에이치케이","KOSDAQ","기계·장비","1730","45","2.67","31842011510"
"071670","에이테크솔루션","KOSDAQ","기계·장비","5610","-70","-1.23","56100000000"
"045660","에이텍","KOSDAQ","정보기기","5010","160","3.30","41382600000"
"224110","에이텍티앤","KOSDAQ","정보기기","13250","700","5.58","70755000000"
"021080","에이티넘인베스트","KOSDAQ","금융","2485","45","1.84","119280000000"
"089530","에이티세미콘","KOSDAQ","반도체","1135","-5","-0.44","57528011855"
"073570","에이티테크놀러지","KOSDAQ","반도체","1730","-40","-2.26","9732803540"
"043580","에임하이","KOSDAQ","유통","2575","20","0.78","37341532450"
"038870","에코에너지","KOSDAQ","건설","17500","1650","10.41","156046467500"
"086520","에코프로","KOSDAQ","IT부품","9050","290","3.31","136572518300"
"038110","에코플라스틱","KOSDAQ","운송장비·부품","2645","65","2.52","57815859460"
"073540","에프알텍","KOSDAQ","통신장비","2300","45","2.00","26220000000"
"036810","에프에스티","KOSDAQ","반도체","4235","-50","-1.17","69418472585"
"173940","에프엔씨엔터","KOSDAQ","오락·문화","24550","400","1.66","310338857700"
"065160","에프티이앤이","KOSDAQ","화학","3580","380","11.88","166655125380"
"054940","엑사이엔씨","KOSDAQ","건설","1900","-20","-1.04","63029741200"
"950130","엑세스바이오","KOSDAQ","제약","9390","40","0.43","254139692700"
"205100","엑셈","KOSDAQ","소프트웨어","5060","380","8.12","139971162100"
"067570","엔브이에이치코리아","KOSDAQ","운송장비·부품","3245","-10","-0.31","93203610390"
"054340","엔알케이","KOSDAQ","IT부품","1305","-25","-1.88","21924000000"
"095300","엔에스브이","KOSDAQ","기계·장비","3590","-5","-0.14","39333027250"
"207720","엔에이치SL스팩","KOSDAQ","금융","2295","85","3.85","5748975000"
"198440","엔에이치스팩3호","KOSDAQ","금융","2220","0","0.00","15540000000"
"215790","엔에이치스팩5호","KOSDAQ","금융","2180","25","1.16","15260000000"
"217810","엔에이치스팩7호","KOSDAQ","금융","2190","-20","-0.90","10577700000"
"218410","엔에이치스팩8호","KOSDAQ","금융","2190","-80","-3.52","14957700000"
"225570","엔에이치스팩9호","KOSDAQ","금융","2115","0","0.00","19140750000"
"069410","엔텔스","KOSDAQ","소프트웨어","22550","250","1.12","155577568850"
"068150","엔티피아","KOSDAQ","건설","1105","15","1.38","65425289735"
"048830","엔피케이","KOSDAQ","화학","2400","0","0.00","31017415200"
"096870","엘디티","KOSDAQ","반도체","2315","-40","-1.70","15460496000"
"061970","엘비세미콘","KOSDAQ","반도체","1405","0","0.00","61517351760"
"138690","엘아이에스","KOSDAQ","반도체","34400","-350","-1.01","412709700000"
"208140","엘아이지스팩2호","KOSDAQ","금융","2175","5","0.23","5894250000"
"220260","엘아이지이에스스팩","KOSDAQ","금융","2730","105","4.00","8244600000"
"066970","엘앤에프","KOSDAQ","IT부품","8600","460","5.65","122193074200"
"073110","엘엠에스","KOSDAQ","IT부품","9850","120","1.23","87623186750"
"083310","엘오티베큠","KOSDAQ","반도체","12400","0","0.00","141980607600"
"037950","엘컴텍","KOSDAQ","IT부품","1650","20","1.23","136401406350"
"170920","엘티씨","KOSDAQ","반도체","13700","-200","-1.44","93574945600"
"058630","엠게임","KOSDAQ","디지털컨텐츠","7340","570","8.42","140250885000"
"019590","엠벤처투자","KOSDAQ","금융","574","-16","-2.71","43430070656"
"097520","엠씨넥스","KOSDAQ","IT부품","26800","650","2.49","241152242400"
"009780","엠에스씨","KOSDAQ","음식료·담배","70900","300","0.42","62392000000"
"123040","엠에스오토텍","KOSDAQ","운송장비·부품","5100","105","2.10","71768097600"
"074150","엠제이비","KOSDAQ","건설","2250","-10","-0.44","61238256750"
"032790","엠젠","KOSDAQ","정보기기","6020","180","3.08","63222220600"
"033160","엠케이전자","KOSDAQ","반도체","7210","50","0.70","157233437690"
"050540","엠피씨","KOSDAQ","기타서비스","4650","-35","-0.75","94330555650"
"090740","연이정보통신","KOSDAQ","IT부품","2295","-55","-2.34","36720000000"
"193250","영백씨엠","KOSDAQ","IT부품","10550","250","2.43","28418587750"
"007530","영신금속","KOSDAQ","금속","3065","0","0.00","19287946920"
"143540","영우디에스피","KOSDAQ","반도체","5750","-20","-0.35","30014701000"
"036180","영인프런티어","KOSDAQ","유통","6050","110","1.85","106482063050"
"036560","영풍정밀","KOSDAQ","기계·장비","9410","10","0.11","148207500000"
"036000","예림당","KOSDAQ","출판·매체복제","5660","270","5.01","130374007820"
"053280","예스24","KOSDAQ","인터넷","12450","550","4.62","214140000000"
"045060","오공","KOSDAQ","화학","4360","10","0.23","50235806640"
"080520","오디텍","KOSDAQ","반도체","8500","-100","-1.16","99846176500"
"039830","오로라","KOSDAQ","기타서비스","13200","0","0.00","142070148000"
"046120","오르비텍","KOSDAQ","기타서비스","10200","-100","-0.97","111664112400"
"014940","오리엔탈정공","KOSDAQ","운송장비·부품","2970","130","4.58","107314424910"
"065500","오리엔트정공","KOSDAQ","운송장비·부품","1325","45","3.52","29340305775"
"010470","오리콤","KOSDAQ","기타서비스","7260","-70","-0.95","79092255000"
"053980","오상자이엘","KOSDAQ","컴퓨터서비스","11850","0","0.00","210312401700"
"052420","오성엘에스티","KOSDAQ","IT부품","591","6","1.03","73257743643"
"039200","오스코텍","KOSDAQ","제약","5530","-70","-1.25","134036836780"
"031510","오스템","KOSDAQ","운송장비·부품","2060","50","2.49","53560000000"
"048260","오스템임플란트","KOSDAQ","의료·정밀기기","65500","300","0.46","935714463500"
"138080","오이솔루션","KOSDAQ","통신장비","12050","-50","-0.41","62414300500"
"080580","오킨스전자","KOSDAQ","반도체","8460","500","6.28","52452000000"
"067170","오텍","KOSDAQ","운송장비·부품","5150","90","1.78","58855302100"
"049480","오픈베이스","KOSDAQ","컴퓨터서비스","1655","15","0.91","52004043865"
"057540","옴니시스템","KOSDAQ","의료·정밀기기","3175","-55","-1.70","129155872625"
"057680","옴니텔","KOSDAQ","디지털컨텐츠","3445","35","1.03","53594805485"
"082210","옵트론텍","KOSDAQ","IT부품","4980","135","2.79","100440365040"
"109080","옵티시스","KOSDAQ","통신장비","5850","-130","-2.17","32970600000"
"052770","와이디온라인","KOSDAQ","디지털컨텐츠","7750","20","0.26","171791925000"
"122990","와이솔","KOSDAQ","반도체","14450","0","0.00","258917758800"
"067900","와이엔텍","KOSDAQ","기타서비스","3285","5","0.15","46192264020"
"155650","와이엠씨","KOSDAQ","IT부품","2900","15","0.52","28608769700"
"019210","와이지-원","KOSDAQ","금속","11950","150","1.27","286958098500"
"122870","와이지엔터테인먼트","KOSDAQ","오락·문화","52200","0","0.00","785672848800"
"079000","와토스코리아","KOSDAQ","화학","11150","300","2.76","63555000000"
"900180","완리","KOSDAQ","기타서비스","1945","30","1.57","175221644305"
"089230","용현BM","KOSDAQ","금속","542","13","2.46","23930780744"
"114630","우노앤컴퍼니","KOSDAQ","화학","6060","10","0.17","80075561340"
"032820","우리기술","KOSDAQ","일반전기전자","623","-26","-4.01","43531540626"
"041190","우리기술투자","KOSDAQ","금융","478","5","1.06","40152000000"
"115440","우리넷","KOSDAQ","통신장비","4190","-10","-0.24","26672324900"
"046970","우리로","KOSDAQ","통신장비","5370","230","4.47","37267800000"
"215360","우리산업","KOSDAQ","운송장비·부품","19400","-150","-0.77","177163962200"
"072470","우리산업홀딩스","KOSDAQ","운송장비·부품","9080","-150","-1.63","171497056280"
"153490","우리이앤엘","KOSDAQ","반도체","1850","50","2.78","59200000000"
"082850","우리이티아이","KOSDAQ","일반전기전자","1950","35","1.83","80832029850"
"037400","우리조명","KOSDAQ","일반전기전자","4300","-30","-0.69","106943236000"
"101170","우림기계","KOSDAQ","기계·장비","4325","-5","-0.12","58387500000"
"011080","우성I&C","KOSDAQ","섬유·의류","2845","50","1.79","92935816960"
"194610","우성아이비","KOSDAQ","기타제조","2325","35","1.53","27271666425"
"066590","우수AMS","KOSDAQ","운송장비·부품","2060","-15","-0.72","35008873940"
"046940","우원개발","KOSDAQ","건설","4290","60","1.42","62851039680"
"052270","우전앤한단","KOSDAQ","IT부품","1730","10","0.58","49699927860"
"065680","우주일렉트로","KOSDAQ","IT부품","15000","400","2.74","149013300000"
"018620","우진비앤지","KOSDAQ","제약","5180","-40","-0.77","49567409640"
"032940","원익","KOSDAQ","유통","5250","130","2.54","66330768000"
"030530","원익IPS","KOSDAQ","반도체","9380","240","2.63","755095871880"
"074600","원익QnC","KOSDAQ","비금속","16200","-400","-2.41","212446800000"
"104830","원익머트리얼즈","KOSDAQ","반도체","62200","-1300","-2.05","385092640000"
"014190","원익큐브","KOSDAQ","유통","2450","60","2.51","67129769700"
"012620","원일특강","KOSDAQ","금속","11700","-50","-0.43","51480000000"
"008370","원풍","KOSDAQ","화학","3740","30","0.81","44880000000"
"008290","원풍물산","KOSDAQ","섬유·의류","9350","-750","-7.43","333104072400"
"101160","월덱스","KOSDAQ","반도체","2285","55","2.47","30847500000"
"095270","웨이브일렉트로","KOSDAQ","IT부품","23300","1200","5.43","246851850000"
"900130","웨이포트","KOSDAQ","기타서비스","622","-8","-1.27","34757360000"
"036260","웰메이드예당","KOSDAQ","기타서비스","2360","10","0.43","39613890920"
"065950","웰크론","KOSDAQ","섬유·의류","4565","135","3.05","114250925525"
"114190","웰크론강원","KOSDAQ","금속","3025","-40","-1.31","46140415750"
"076080","웰크론한텍","KOSDAQ","기계·장비","2435","0","0.00","43156067485"
"196700","웹스","KOSDAQ","화학","7180","180","2.57","49177528840"
"069080","웹젠","KOSDAQ","디지털컨텐츠","31550","-400","-1.25","1114058390200"
"039790","위노바","KOSDAQ","유통","1955","175","9.83","134272172190"
"044340","위닉스","KOSDAQ","일반전기전자","10200","0","0.00","166858138200"
"043220","위드윈네트웍","KOSDAQ","유통","4595","785","20.60","119964803385"
"112040","위메이드","KOSDAQ","디지털컨텐츠","46050","-1050","-2.23","773640000000"
"038620","위즈코프","KOSDAQ","유통","1385","-15","-1.07","41345853770"
"036090","위지트","KOSDAQ","기계·장비","1585","-20","-1.25","97857128105"
"136540","윈스","KOSDAQ","소프트웨어","14500","-100","-0.68","163925849500"
"097800","윈팩","KOSDAQ","반도체","2330","-5","-0.21","33086000000"
"192390","윈하이텍","KOSDAQ","금속","9660","560","6.15","63758898000"
"044480","유니더스","KOSDAQ","화학","3595","-20","-0.55","30917000000"
"036200","유니셈","KOSDAQ","반도체","12250","100","0.82","187003097750"
"018000","유니슨","KOSDAQ","기계·장비","2075","-10","-0.48","86848581350"
"011320","유니크","KOSDAQ","운송장비·부품","3570","90","2.59","68974881150"
"086390","유니테스트","KOSDAQ","반도체","10800","350","3.35","199878494400"
"048430","유라테크","KOSDAQ","일반전기전자","5950","150","2.59","68544000000"
"089850","유비벨록스","KOSDAQ","소프트웨어","17250","-400","-2.27","104387581500"
"032620","유비케어","KOSDAQ","소프트웨어","4445","1025","29.97","179073359150"
"078070","유비쿼스","KOSDAQ","통신장비","14450","-250","-1.70","306340000000"
"024800","유성티엔에스","KOSDAQ","운송","2560","25","0.99","58171481600"
"054930","유신","KOSDAQ","기타서비스","10200","200","2.00","30600000000"
"069330","유아이디","KOSDAQ","IT부품","3670","30","0.82","43628196640"
"049520","유아이엘","KOSDAQ","IT부품","11050","100","0.91","125886793500"
"204620","유안타제1호스팩","KOSDAQ","금융","2590","0","0.00","15540000000"
"219960","유안타제2호스팩","KOSDAQ","금융","2120","20","0.95","13780000000"
"036500","유원컴텍","KOSDAQ","반도체","3600","10","0.28","62711629200"
"195990","유지인트","KOSDAQ","기계·장비","16400","100","0.61","189400320000"
"023410","유진기업","KOSDAQ","비금속","5380","150","2.87","398120000000"
"056080","유진로봇","KOSDAQ","기계·장비","5140","265","5.44","117155567680"
"221200","유진스팩3호","KOSDAQ","금융","2110","10","0.48","14242500000"
"215090","유진에이씨피씨스팩2호","KOSDAQ","금융","2105","5","0.24","11577500000"
"084370","유진테크","KOSDAQ","반도체","12200","100","0.83","272943609400"
"178780","유테크","KOSDAQ","IT부품","11150","50","0.45","56645345000"
"044960","이-글 벳","KOSDAQ","제약","7500","-10","-0.13","87513255000"
"039020","이건창호","KOSDAQ","금속","3745","35","0.94","53654907110"
"060230","이그잭스","KOSDAQ","IT부품","2240","-195","-8.01","20591403840"
"067920","이글루시큐리티","KOSDAQ","소프트웨어","3960","-25","-0.63","40503862080"
"073490","이노와이어리스","KOSDAQ","통신장비","10650","250","2.40","63926625000"
"080420","이노칩","KOSDAQ","IT부품","11600","0","0.00","172929818800"
"088390","이녹스","KOSDAQ","IT부품","13800","100","0.73","169853739600"
"053350","이니텍","KOSDAQ","소프트웨어","12000","1050","9.59","237490992000"
"033110","이디","KOSDAQ","의료·정밀기기","2945","15","0.51","74760895335"
"041520","이라이콤","KOSDAQ","IT부품","20800","50","0.24","253525584000"
"054210","이랜텍","KOSDAQ","IT부품","5050","95","1.92","81239658050"
"065440","이루온","KOSDAQ","소프트웨어","2590","30","1.17","25014479000"
"115610","이미지스","KOSDAQ","반도체","6230","230","3.83","47778667440"
"217600","이베스트스팩2호","KOSDAQ","금융","2105","5","0.24","14735000000"
"078020","이베스트투자증권","KOSDAQ","금융","10050","180","1.82","406835959500"
"080010","이상네트웍스","KOSDAQ","인터넷","8520","-30","-0.35","76680000000"
"086890","이수앱지스","KOSDAQ","제약","7780","-40","-0.51","152340584560"
"047560","이스트소프트","KOSDAQ","디지털컨텐츠","20750","550","2.72","205412550000"
"900110","이스트아시아홀딩스","KOSDAQ","기타서비스","1410","25","1.81","69446927400"
"067010","이씨에스","KOSDAQ","정보기기","6000","20","0.33","45000000000"
"102710","이엔에프테크놀로지","KOSDAQ","화학","21000","150","0.72","298200000000"
"094190","이엘케이","KOSDAQ","IT부품","3540","110","3.21","62287595640"
"123570","이엠넷","KOSDAQ","기타서비스","6800","-210","-3.00","37400000000"
"095190","이엠코리아","KOSDAQ","기계·장비","4550","0","0.00","97433458850"
"091120","이엠텍","KOSDAQ","IT부품","8240","-10","-0.12","115650237520"
"039030","이오테크닉스","KOSDAQ","반도체","112500","2600","2.37","1380445425000"
"088290","이원컴포텍","KOSDAQ","운송장비·부품","1405","40","2.93","17602779945"
"033600","이젠텍","KOSDAQ","운송장비·부품","1965","-35","-1.75","22597500000"
"035810","이지바이오","KOSDAQ","음식료·담배","6150","0","0.00","310723590150"
"090850","이지웰페어","KOSDAQ","기타서비스","13350","50","0.38","132071550000"
"058530","이큐스앤자루","KOSDAQ","기계·장비","3635","180","5.21","108937518560"
"092130","이크레더블","KOSDAQ","기타서비스","11150","-400","-3.46","134286140000"
"016250","이테크건설","KOSDAQ","건설","156000","2200","1.43","436800000000"
"096040","이트론","KOSDAQ","정보기기","459","50","12.22","45782940312"
"134060","이퓨쳐","KOSDAQ","출판·매체복제","4650","190","4.26","22177012500"
"001840","이화공영","KOSDAQ","건설","3075","5","0.16","60902712000"
"024810","이화전기","KOSDAQ","IT부품","415","9","2.22","79368326700"
"041830","인바디","KOSDAQ","의료·정밀기기","40400","1500","3.86","552824792800"
"060150","인선이엔티","KOSDAQ","기타서비스","5430","40","0.74","185298750000"
"033230","인성정보","KOSDAQ","컴퓨터서비스","4770","115","2.47","80926007400"
"037330","인지디스플레","KOSDAQ","IT부품","1665","-10","-0.60","59279238090"
"083640","인콘","KOSDAQ","통신장비","6030","100","1.69","38561023890"
"049070","인탑스","KOSDAQ","IT부품","18100","-600","-3.21","155660000000"
"119610","인터로조","KOSDAQ","의료·정밀기기","37650","600","1.62","405716400000"
"017250","인터엠","KOSDAQ","일반전기전자","2690","-5","-0.19","53811241510"
"108790","인터파크","KOSDAQ","유통","22200","-100","-0.45","729482431800"
"035080","인터파크홀딩스","KOSDAQ","기타서비스","13150","400","3.14","782425000000"
"051370","인터플렉스","KOSDAQ","IT부품","12250","200","1.66","200663232000"
"023430","인테그레이티드에너지","KOSDAQ","유통","441","-2","-0.45","59874383016"
"064290","인텍플러스","KOSDAQ","반도체","3020","0","0.00","28056805660"
"150840","인트로메딕","KOSDAQ","의료·정밀기기","17800","200","1.14","127646968400"
"048530","인트론바이오","KOSDAQ","제약","50000","1650","3.41","751923100000"
"175140","인포마크","KOSDAQ","통신장비","19600","-750","-3.69","68672676800"
"115310","인포바인","KOSDAQ","통신서비스","33750","-50","-0.15","105086430000"
"039290","인포뱅크","KOSDAQ","통신서비스","6110","-30","-0.49","53120205580"
"036220","인포피아","KOSDAQ","제약","11100","-50","-0.45","96532914900"
"041020","인프라웨어","KOSDAQ","소프트웨어","4395","20","0.46","81826813200"
"071200","인피니트헬스케어","KOSDAQ","소프트웨어","10500","300","2.94","255954121500"
"101930","인화정공","KOSDAQ","운송장비·부품","5500","70","1.29","51324377500"
"078940","일경산업개발","KOSDAQ","건설","1665","220","15.22","24635513160"
"068330","일신바이오","KOSDAQ","기계·장비","2900","155","5.65","128226806000"
"058450","일야","KOSDAQ","IT부품","2455","-70","-2.77","24009900000"
"019540","일지테크","KOSDAQ","운송장비·부품","8440","1390","19.72","114053940000"
"094820","일진파워","KOSDAQ","기계·장비","4805","75","1.59","72453196745"
"049550","잉크테크","KOSDAQ","화학","7320","-10","-0.14","63524936400"
"043910","자연과환경","KOSDAQ","기타서비스","1260","0","0.00","25042949820"
"049630","재영솔루텍","KOSDAQ","IT부품","1515","10","0.66","48274634175"
"065530","전파기지국","KOSDAQ","통신서비스","18100","550","3.13","95676600000"
"040420","정상제이엘에스","KOSDAQ","기타서비스","6680","30","0.45","104726047360"
"045510","정원엔시스","KOSDAQ","컴퓨터서비스","1270","15","1.20","36688088930"
"065620","제낙스","KOSDAQ","금속","13200","150","1.15","282118900800"
"217190","제너셈","KOSDAQ","반도체","10450","-250","-2.34","45818934150"
"095700","제넥신","KOSDAQ","기타서비스","84000","4000","5.00","640316880000"
"187420","제노포커스","KOSDAQ","제약","25500","200","0.79","227981551500"
"123330","제닉","KOSDAQ","화학","40850","-50","-0.12","257355000000"
"159580","제로투세븐","KOSDAQ","유통","10700","-50","-0.47","131503000000"
"147830","제룡산업","KOSDAQ","금속","4620","0","0.00","36647318400"
"033100","제룡전기","KOSDAQ","IT부품","3415","75","2.25","54853126735"
"019570","제미니투자","KOSDAQ","금융","382","-5","-1.29","9325983740"
"079370","제우스","KOSDAQ","기계·장비","12800","-50","-0.39","132915200000"
"054950","제이브이엠","KOSDAQ","기계·장비","54800","-1000","-1.79","346933758400"
"137950","제이씨케미칼","KOSDAQ","화학","3320","20","0.61","44288800000"
"033320","제이씨현시스템","KOSDAQ","유통","3120","-45","-1.42","59637027840"
"126880","제이엔케이히터","KOSDAQ","기계·장비","5970","30","0.51","47760000000"
"033050","제이엠아이","KOSDAQ","출판·매체복제","1305","25","1.95","42516041310"
"094970","제이엠티","KOSDAQ","IT부품","1770","0","0.00","29644384800"
"058420","제이웨이","KOSDAQ","오락·문화","2440","185","8.20","22671870000"
"036420","제이콘텐트리","KOSDAQ","기타서비스","4955","95","1.95","565211805810"
"089790","제이티","KOSDAQ","반도체","4130","5","0.12","30861111120"
"052670","제일바이오","KOSDAQ","제약","5500","-170","-3.00","82500000000"
"023440","제일제강","KOSDAQ","금속","1775","0","0.00","39074947625"
"038010","제일테크노스","KOSDAQ","금속","3375","0","0.00","30375000000"
"080220","제주반도체","KOSDAQ","반도체","5300","-200","-3.64","124172242500"
"083660","젠트로","KOSDAQ","화학","2120","-20","-0.93","19745749960"
"082270","젬백스","KOSDAQ","기계·장비","34100","300","0.89","980271404200"
"041590","젬백스테크놀러지","KOSDAQ","IT부품","12000","-100","-0.83","308819532000"
"044060","조광ILI","KOSDAQ","기계·장비","3490","40","1.16","28931677710"
"034940","조아제약","KOSDAQ","제약","4135","0","0.00","117062805185"
"101730","조이맥스","KOSDAQ","디지털컨텐츠","19200","100","0.52","163300492800"
"067000","조이시티","KOSDAQ","디지털컨텐츠","24200","200","0.83","284651120600"
"033340","좋은사람들","KOSDAQ","섬유·의류","2125","5","0.24","56126639000"
"036930","주성엔지니어링","KOSDAQ","반도체","5520","-160","-2.82","266335650240"
"072020","중앙백신","KOSDAQ","제약","17150","250","1.48","125538000000"
"000440","중앙에너비스","KOSDAQ","유통","28500","-900","-3.06","35494641000"
"054180","중앙오션","KOSDAQ","운송장비·부품","2205","-5","-0.23","48201300000"
"155960","지디","KOSDAQ","IT부품","4070","35","0.87","73867056780"
"114570","지스마트글로벌","KOSDAQ","반도체","24800","-150","-0.60","395072481600"
"051160","지어소프트","KOSDAQ","소프트웨어","1470","80","5.76","17869680150"
"053050","지에스이","KOSDAQ","전기·가스·수도","2040","10","0.49","56074708080"
"119850","지엔씨에너지","KOSDAQ","일반전기전자","8000","-10","-0.12","68485424000"
"065060","지엔코","KOSDAQ","섬유·의류","1210","40","3.42","63814960770"
"018290","지엠피","KOSDAQ","일반전기전자","375","6","1.63","23024078250"
"115450","지트리비앤티","KOSDAQ","소프트웨어","10900","300","2.83","221124703000"
"018120","진로발효","KOSDAQ","음식료·담배","40500","900","2.27","304722000000"
"109820","진매트릭스","KOSDAQ","기타서비스","2995","50","1.70","25372355145"
"086060","진바이오텍","KOSDAQ","음식료·담배","3685","45","1.24","29125624605"
"036890","진성티이씨","KOSDAQ","기계·장비","5510","120","2.23","110200000000"
"007370","진양제약","KOSDAQ","제약","5020","100","2.03","60240000000"
"196450","차디오스텍","KOSDAQ","의료·정밀기기","3095","0","0.00","58410492730"
"085660","차바이오텍","KOSDAQ","제약","14550","400","2.83","732587858550"
"900040","차이나그레이트","KOSDAQ","기타서비스","2300","65","2.91","263179455000"
"900090","차이나하오란","KOSDAQ","기타서비스","2440","25","1.04","131760000000"
"094850","참좋은레져","KOSDAQ","유통","10950","250","2.34","153300000000"
"004650","창해에탄올","KOSDAQ","음식료·담배","28800","-1200","-4.00","226249632000"
"111820","처음앤씨","KOSDAQ","인터넷","15700","-650","-3.98","151577722400"
"096240","청담러닝","KOSDAQ","기타서비스","10550","150","1.44","65552952500"
"013720","청보산업","KOSDAQ","운송장비·부품","2975","5","0.17","19484783325"
"047820","초록뱀","KOSDAQ","오락·문화","3185","25","0.79","103168013585"
"094360","칩스앤미디어","KOSDAQ","소프트웨어","9600","-380","-3.81","32617939200"
"016920","카스","KOSDAQ","유통","1770","20","1.14","28628178240"
"071850","캐스텍코리아","KOSDAQ","운송장비·부품","7240","220","3.13","89581164360"
"066410","캔들미디어","KOSDAQ","디지털컨텐츠","1155","0","0.00","71229927615"
"050110","캠시스","KOSDAQ","IT부품","1960","15","0.77","84844233040"
"078340","컴투스","KOSDAQ","디지털컨텐츠","115700","-600","-0.52","1488644794000"
"044180","케이디건설","KOSDAQ","건설","297","5","1.71","43887456558"
"063440","케이디미디어","KOSDAQ","출판·매체복제","1785","55","3.18","30435533415"
"029480","케이디씨","KOSDAQ","통신장비","1395","-30","-2.11","31465138725"
"043290","케이맥","KOSDAQ","의료·정밀기기","7040","10","0.14","48139625600"
"205500","케이비제4호스팩","KOSDAQ","금융","2800","-85","-2.95","29456000000"
"208350","케이비제5호스팩","KOSDAQ","금융","2335","-95","-3.91","12188700000"
"208640","케이비제6호스팩","KOSDAQ","금융","2400","0","0.00","38400000000"
"214270","케이비제7호스팩","KOSDAQ","금융","2530","0","0.00","13535500000"
"222390","케이비제8호스팩","KOSDAQ","금융","2205","15","0.68","22733550000"
"192250","케이사인","KOSDAQ","소프트웨어","3495","-15","-0.43","211067848635"
"115500","케이씨에스","KOSDAQ","컴퓨터서비스","3445","-50","-1.43","41340000000"
"089150","케이씨티","KOSDAQ","컴퓨터서비스","2415","-20","-0.82","41417250000"
"025880","케이씨피드","KOSDAQ","음식료·담배","2100","-60","-2.78","26089587300"
"093320","케이아이엔엑스","KOSDAQ","인터넷","16400","-100","-0.61","80032000000"
"065940","케이에스씨비","KOSDAQ","화학","4970","-20","-0.40","72729190800"
"073010","케이에스피","KOSDAQ","기계·장비","2630","-40","-1.50","24837817310"
"105330","케이엔더블유","KOSDAQ","IT부품","5050","10","0.20","28589802350"
"039420","케이엘넷","KOSDAQ","통신서비스","2150","5","0.23","51932669500"
"083550","케이엠","KOSDAQ","유통","4740","30","0.64","46352071320"
"032500","케이엠더블유","KOSDAQ","통신장비","7140","-50","-0.70","114954000000"
"122800","케이티롤","KOSDAQ","금속","14000","500","3.70","58800000000"
"204650","케이티비스팩1호","KOSDAQ","금융","2395","-70","-2.84","13172500000"
"214150","케이티비스팩2호","KOSDAQ","금융","2105","-15","-0.71","11577500000"
"220630","케이티비스팩3호","KOSDAQ","금융","2125","25","1.19","14343750000"
"064820","케이프","KOSDAQ","운송장비·부품","2900","50","1.75","53705830800"
"024880","케이피에프","KOSDAQ","금속","4480","-20","-0.44","66692156160"
"042040","케이피엠테크","KOSDAQ","화학","5530","290","5.53","44301360880"
"054410","케이피티","KOSDAQ","금속","8480","530","6.67","42908800000"
"089010","켐트로닉스","KOSDAQ","IT부품","7350","100","1.38","68406457350"
"052400","코나아이","KOSDAQ","소프트웨어","43050","-850","-1.94","669820029900"
"094860","코닉글로리","KOSDAQ","소프트웨어","558","10","1.82","24345729162"
"046070","코다코","KOSDAQ","운송장비·부품","3000","40","1.35","84646065000"
"047770","코데즈컴바인","KOSDAQ","섬유·의류","509","0","0.00","25823841667"
"080530","코디에스","KOSDAQ","기계·장비","3950","150","3.95","47436580950"
"078650","코렌","KOSDAQ","의료·정밀기기","3330","-20","-0.60","32976453870"
"104540","코렌텍","KOSDAQ","의료·정밀기기","16050","250","1.58","146363882250"
"027050","코리아나","KOSDAQ","화학","14350","-350","-2.38","574000000000"
"101670","코리아에스이","KOSDAQ","금속","3675","-15","-0.41","27783000000"
"123410","코리아에프티","KOSDAQ","운송장비·부품","5050","-70","-1.37","140597373200"
"036690","코맥스","KOSDAQ","통신장비","5820","-50","-0.85","78386344080"
"049430","코메론","KOSDAQ","의료·정밀기기","10600","-350","-3.20","95908800000"
"041960","코미팜","KOSDAQ","제약","24250","1300","5.66","1292776933250"
"009730","코센","KOSDAQ","금속","1460","0","0.00","48587118080"
"069110","코스온","KOSDAQ","화학","29200","800","2.82","488202946800"
"048870","코아로직","KOSDAQ","반도체","800","-3","-0.37","13707018400"
"166480","코아스템","KOSDAQ","제약","20650","600","2.99","324565136000"
"045970","코아시아홀딩스","KOSDAQ","기타서비스","9740","60","0.62","128786458460"
"038530","코아크로스","KOSDAQ","통신장비","1015","-15","-1.46","47336909235"
"029960","코엔텍","KOSDAQ","기타서비스","2825","-5","-0.18","141250000000"
"102940","코오롱생명과학","KOSDAQ","제약","166000","0","0.00","1110687740000"
"056000","코원","KOSDAQ","정보기기","1800","-30","-1.64","19407600000"
"033290","코웰패션","KOSDAQ","IT부품","3235","-55","-1.67","301063324295"
"056360","코위버","KOSDAQ","통신장비","5470","-50","-0.91","53588496000"
"121850","코이즈","KOSDAQ","IT부품","2680","-120","-4.29","25993746120"
"015710","코콤","KOSDAQ","통신장비","16000","-100","-0.62","280488000000"
"052330","코텍","KOSDAQ","정보기기","14400","50","0.35","186894633600"
"126600","코프라","KOSDAQ","화학","15250","650","4.45","145924459250"
"200130","콜마비앤에이치","KOSDAQ","제약","13250","0","0.00","978702120750"
"225650","쿠첸","KOSDAQ","일반전기전자","28500","-150","-0.52","304558894500"
"060280","큐렉소","KOSDAQ","유통","6400","-40","-0.62","172511142400"
"040350","큐로컴","KOSDAQ","컴퓨터서비스","1900","115","6.44","171194349100"
"051780","큐로홀딩스","KOSDAQ","유통","1860","70","3.91","52682766480"
"065560","큐브스","KOSDAQ","소프트웨어","4850","200","4.30","114715367050"
"182360","큐브엔터","KOSDAQ","오락·문화","2760","-10","-0.36","69203596920"
"066310","큐에스아이","KOSDAQ","반도체","6620","0","0.00","54801882600"
"016600","큐캐피탈","KOSDAQ","금융","545","4","0.74","43509186650"
"067280","크레듀","KOSDAQ","디지털컨텐츠","60500","700","1.17","358570129500"
"043590","크로바하이텍","KOSDAQ","반도체","3730","-80","-2.10","48490000000"
"114120","크루셜텍","KOSDAQ","IT부품","16150","250","1.57","456638326850"
"083790","크리스탈","KOSDAQ","기타서비스","13150","-50","-0.38","314413528100"
"045520","크린앤사이언스","KOSDAQ","종이·목재","4665","175","3.90","30322500000"
"218710","키움스팩3호","KOSDAQ","금융","2115","0","0.00","14170500000"
"054780","키이스트","KOSDAQ","오락·문화","4035","75","1.89","306642823005"
"219130","타이거일렉","KOSDAQ","반도체","6880","-290","-4.04","38454315200"
"019770","탑금속","KOSDAQ","기계·장비","4385","155","3.66","51085250000"
"065130","탑엔지니어링","KOSDAQ","기계·장비","5040","-20","-0.40","80520335280"
"023160","태광","KOSDAQ","금속","10550","-50","-0.47","279575000000"
"053620","태양","KOSDAQ","금속","10400","-150","-1.42","89440000000"
"072520","태양기전","KOSDAQ","IT부품","3745","175","4.90","28087500000"
"044490","태웅","KOSDAQ","금속","15050","150","1.01","273388788400"
"191420","테고사이언스","KOSDAQ","제약","27600","-800","-2.82","102198853200"
"123100","테라세미콘","KOSDAQ","반도체","16500","-100","-0.60","165296703000"
"182690","테라셈","KOSDAQ","반도체","3510","-50","-1.40","49021853400"
"066700","테라젠이텍스","KOSDAQ","제약","7030","50","0.72","195540124880"
"095610","테스","KOSDAQ","반도체","12700","250","2.01","130660838500"
"131970","테스나","KOSDAQ","반도체","10150","150","1.50","69527500000"
"089030","테크윙","KOSDAQ","반도체","10250","-150","-1.44","177114003750"
"038540","텍셀네트컴","KOSDAQ","컴퓨터서비스","1925","65","3.49","180148724525"
"054450","텔레칩스","KOSDAQ","반도체","6790","-40","-0.59","72184340620"
"091440","텔레필드","KOSDAQ","통신장비","3605","-145","-3.87","25080129200"
"200230","텔콘","KOSDAQ","통신장비","7530","-10","-0.13","37815660000"
"051360","토비스","KOSDAQ","정보기기","9720","-170","-1.72","162489803760"
"045340","토탈소프트","KOSDAQ","소프트웨어","2185","55","2.58","18699317400"
"057880","토필드","KOSDAQ","통신장비","1790","-60","-3.24","23695635150"
"108230","톱텍","KOSDAQ","기계·장비","25650","50","0.20","450155268450"
"079970","투비소프트","KOSDAQ","소프트웨어","6900","30","0.44","54171154800"
"052290","트레이스","KOSDAQ","IT부품","3245","-65","-1.96","117776905070"
"105550","트루윈","KOSDAQ","일반전기전자","6700","-120","-1.76","49843899600"
"026150","특수건설","KOSDAQ","건설","3215","20","0.63","32133327010"
"121800","티브이로직","KOSDAQ","통신장비","2195","-15","-0.68","23340005700"
"033830","티비씨","KOSDAQ","방송서비스","6840","-210","-2.98","68400000000"
"064760","티씨케이","KOSDAQ","반도체","21100","300","1.44","246342500000"
"131290","티에스이","KOSDAQ","반도체","12600","200","1.61","139374005400"
"062860","티엘아이","KOSDAQ","반도체","8260","-50","-0.60","81194288420"
"104480","티케이케미칼","KOSDAQ","화학","3095","35","1.14","281321368230"
"081150","티플랙스","KOSDAQ","금속","1530","15","0.99","25742949210"
"130740","티피씨글로벌","KOSDAQ","운송장비·부품","2990","95","3.28","28255500000"
"084730","팅크웨어","KOSDAQ","통신장비","14750","-150","-1.01","144196073750"
"046210","파나진","KOSDAQ","의료·정밀기기","4525","155","3.55","121300163650"
"034230","파라다이스","KOSDAQ","오락·문화","22700","250","1.11","2064398654400"
"033540","파라텍","KOSDAQ","기계·장비","5830","40","0.69","64829600000"
"043200","파루","KOSDAQ","IT부품","4535","10","0.22","79132430380"
"214450","파마리서치프로덕트","KOSDAQ","유통","80600","-1500","-1.83","738658538800"
"177830","파버나인","KOSDAQ","일반전기전자","6530","-10","-0.15","34972303080"
"037070","파세코","KOSDAQ","일반전기전자","7800","440","5.98","102960000000"
"150900","파수닷컴","KOSDAQ","소프트웨어","9040","-40","-0.44","73013322800"
"047310","파워로직스","KOSDAQ","IT부품","3790","-20","-0.52","118839092190"
"170790","파이오링크","KOSDAQ","통신장비","9750","70","0.72","65191717500"
"049120","파인디앤씨","KOSDAQ","IT부품","1470","25","1.73","27288080400"
"038950","파인디지털","KOSDAQ","통신장비","6400","100","1.59","65220896000"
"106240","파인테크닉스","KOSDAQ","IT부품","3010","130","4.51","96783226960"
"131760","파인텍","KOSDAQ","IT부품","9250","350","3.93","56270830250"
"028040","파캔OPC","KOSDAQ","정보기기","404","-7","-1.70","15441202392"
"091700","파트론","KOSDAQ","IT부품","9530","130","1.38","516110587300"
"194510","파티게임즈","KOSDAQ","디지털컨텐츠","53000","-1000","-1.85","266952732000"
"032800","판타지오","KOSDAQ","오락·문화","1100","0","0.00","54264886500"
"043090","팜스웰바이오","KOSDAQ","유통","3510","-60","-1.68","70193776770"
"027710","팜스토리","KOSDAQ","음식료·담배","1430","15","1.06","114695965670"
"068050","팬엔터테인먼트","KOSDAQ","오락·문화","6130","-70","-1.13","56663605150"
"060900","퍼시픽바이오","KOSDAQ","건설","6300","0","0.00","41159078100"
"087010","펩트론","KOSDAQ","제약","48700","750","1.56","285729571900"
"043370","평화정공","KOSDAQ","운송장비·부품","14900","1250","9.16","312900000000"
"119500","포메탈","KOSDAQ","금속","2630","5","0.19","31624908400"
"016670","포비스티앤씨","KOSDAQ","유통","3100","-30","-0.96","123111732200"
"022100","포스코 ICT","KOSDAQ","기타서비스","5520","-10","-0.18","839231704080"
"009520","포스코엠텍","KOSDAQ","금속","2645","275","11.60","110144949435"
"003670","포스코켐텍","KOSDAQ","비금속","12600","650","5.44","744282000000"
"189690","포시에스","KOSDAQ","소프트웨어","8180","-40","-0.49","50820695820"
"078860","포인트아이","KOSDAQ","소프트웨어","5900","-90","-1.50","87768128600"
"141020","포티스","KOSDAQ","통신장비","6030","-10","-0.17","119413356300"
"032980","폴리비전","KOSDAQ","화학","1640","15","0.92","30864509720"
"005670","푸드웰","KOSDAQ","음식료·담배","8130","150","1.88","65040000000"
"094940","푸른기술","KOSDAQ","정보기기","5630","630","12.60","23003701450"
"007330","푸른저축은행","KOSDAQ","금융","5330","190","3.70","80391324000"
"093380","풍강","KOSDAQ","금속","3200","-30","-0.93","31613801600"
"023900","풍국주정","KOSDAQ","음식료·담배","12750","-200","-1.54","107100000000"
"035200","프럼파스트","KOSDAQ","화학","3915","-20","-0.51","24116400000"
"203690","프로스테믹스","KOSDAQ","제약","5500","0","0.00","238620965000"
"053610","프로텍","KOSDAQ","반도체","8980","20","0.22","80820000000"
"053160","프리엠스","KOSDAQ","일반전기전자","4420","-110","-2.43","26520000000"
"060910","프리젠","KOSDAQ","IT부품","920","0","0.00","4904031480"
"075130","플랜티넷","KOSDAQ","컴퓨터서비스","5320","0","0.00","47667200000"
"023770","플레이위드","KOSDAQ","디지털컨텐츠","13000","450","3.59","37385816000"
"065270","플렉스컴","KOSDAQ","IT부품","2820","0","0.00","38362047660"
"032580","피델릭스","KOSDAQ","반도체","3685","-65","-1.73","75790401005"
"051380","피씨디렉트","KOSDAQ","유통","2995","0","0.00","20720380380"
"131390","피앤이솔루션","KOSDAQ","일반전기전자","6110","160","2.69","87250800000"
"024850","피에스엠씨","KOSDAQ","반도체","630","0","0.00","24397506630"
"031980","피에스케이","KOSDAQ","반도체","10400","0","0.00","211448681600"
"002230","피에스텍","KOSDAQ","의료·정밀기기","7800","0","0.00","145652488800"
"137400","피엔티","KOSDAQ","기계·장비","9300","0","0.00","70680000000"
"082390","피엘에이","KOSDAQ","IT부품","1095","-30","-2.67","52623930480"
"128660","피제이메탈","KOSDAQ","금속","2190","70","3.30","48112361850"
"006140","피제이전자","KOSDAQ","의료·정밀기기","7470","170","2.33","74700000000"
"087600","픽셀플러스","KOSDAQ","반도체","24450","100","0.41","199672343100"
"064800","필링크","KOSDAQ","컴퓨터서비스","13800","-750","-5.15","97993800000"
"067310","하나마이크론","KOSDAQ","반도체","6650","60","0.91","148763465900"
"208370","하나머스트2호스팩","KOSDAQ","금융","2180","20","0.93","11772000000"
"208870","하나머스트3호스팩","KOSDAQ","금융","2165","15","0.70","5109400000"
"215100","하나머스트4호스팩","KOSDAQ","금융","2140","-10","-0.47","5992000000"
"218150","하나머스트5호스팩","KOSDAQ","금융","2120","0","0.00","7483600000"
"136480","하림","KOSDAQ","음식료·담배","4080","120","3.03","220099427040"
"024660","하림홀딩스","KOSDAQ","기타서비스","5400","80","1.50","481448826000"
"149980","하이로닉","KOSDAQ","의료·정밀기기","12850","-150","-1.15","179693050750"
"013030","하이록코리아","KOSDAQ","금속","33500","-650","-1.90","456043272000"
"126700","하이비젼시스템","KOSDAQ","의료·정밀기기","10800","-350","-3.14","161374809600"
"200470","하이셈","KOSDAQ","반도체","1690","-15","-0.88","29665719200"
"106080","하이소닉","KOSDAQ","IT부품","3640","-75","-2.02","38743836040"
"066980","하이쎌","KOSDAQ","IT부품","1520","-25","-1.62","116432679440"
"205470","하이제2호스팩","KOSDAQ","금융","2115","0","0.00","11632500000"
"217500","하이제3호스팩","KOSDAQ","금융","2110","10","0.48","10022500000"
"106190","하이텍팜","KOSDAQ","제약","14600","200","1.39","103496217200"
"066130","하츠","KOSDAQ","일반전기전자","7710","510","7.08","98688000000"
"206400","한국2호스팩","KOSDAQ","금융","2120","0","0.00","11660000000"
"222080","한국3호스팩","KOSDAQ","금융","2110","0","0.00","14770000000"
"004590","한국가구","KOSDAQ","기타제조","47650","-900","-1.85","71475000000"
"039340","한국경제TV","KOSDAQ","방송서비스","3645","-55","-1.49","83835000000"
"034950","한국기업평가","KOSDAQ","기타서비스","41550","350","0.85","188658356700"
"060250","한국사이버결제","KOSDAQ","소프트웨어","35350","-250","-0.70","638924490050"
"025550","한국선재","KOSDAQ","금속","3110","-5","-0.16","76264209940"
"017890","한국알콜","KOSDAQ","화학","8320","300","3.74","179759923200"
"033430","한국자원투자개발","KOSDAQ","유통","488","70","16.75","65400320400"
"063570","한국전자금융","KOSDAQ","통신서비스","10200","-200","-1.92","265353091800"
"041460","한국전자인증","KOSDAQ","소프트웨어","10800","0","0.00","231759889200"
"101680","한국정밀기계","KOSDAQ","기계·장비","4675","20","0.43","39288700000"
"039740","한국정보공학","KOSDAQ","유통","4695","-5","-0.11","37646373915"
"053300","한국정보인증","KOSDAQ","소프트웨어","18400","-200","-1.08","496156000000"
"025770","한국정보통신","KOSDAQ","통신서비스","18500","-50","-0.27","718035745500"
"023760","한국캐피탈","KOSDAQ","금융","717","13","1.85","120606265992"
"054040","한국컴퓨터","KOSDAQ","IT부품","3350","30","0.90","53838821500"
"021650","한국큐빅","KOSDAQ","화학","3195","40","1.27","31598550000"
"053590","한국테크놀로지","KOSDAQ","기계·장비","4820","-25","-0.52","154179735540"
"034830","한국토지신탁","KOSDAQ","금융","3450","160","4.86","871087843500"
"037230","한국팩키지","KOSDAQ","종이·목재","1185","5","0.42","29625000000"
"030520","한글과컴퓨터","KOSDAQ","소프트웨어","23750","-150","-0.63","548202511250"
"052600","한네트","KOSDAQ","통신서비스","3955","-165","-4.00","45734433500"
"092460","한라IMS","KOSDAQ","운송장비·부품","8110","-40","-0.49","79223289230"
"047080","한빛소프트","KOSDAQ","디지털컨텐츠","7520","200","2.73","173973425280"
"081970","한솔넥스지","KOSDAQ","소프트웨어","5380","10","0.19","30988800000"
"099660","한솔신텍","KOSDAQ","금속","1340","-25","-1.83","67519386680"
"070590","한솔인티큐브","KOSDAQ","컴퓨터서비스","2810","10","0.36","38745744010"
"042520","한스바이오메드","KOSDAQ","제약","18900","-100","-0.53","186313497300"
"078350","한양디지텍","KOSDAQ","반도체","5750","20","0.35","57500000000"
"045100","한양이엔지","KOSDAQ","기타서비스","9570","620","6.93","172260000000"
"064090","한양하이타오","KOSDAQ","통신장비","8640","380","4.60","199786633920"
"046110","한일네트웍스","KOSDAQ","컴퓨터서비스","2870","-50","-1.71","34308631490"
"024740","한일단조","KOSDAQ","운송장비·부품","2725","70","2.64","35839200000"
"005860","한일사료","KOSDAQ","음식료·담배","1200","10","0.84","38316822000"
"123840","한일진공","KOSDAQ","기계·장비","1425","5","0.35","45519685575"
"007770","한일화학","KOSDAQ","화학","13250","-150","-1.12","46507500000"
"061460","한진피앤씨","KOSDAQ","화학","2565","-35","-1.35","211517487270"
"079170","한창산업","KOSDAQ","금속","5300","130","2.51","27560000000"
"077280","한컴지엠디","KOSDAQ","반도체","2950","10","0.34","31553937500"
"002680","한탑","KOSDAQ","음식료·담배","1800","0","0.00","37440000000"
"217620","한화ACPC스팩","KOSDAQ","금융","2115","10","0.48","15756750000"
"215380","한화MGI스팩","KOSDAQ","금융","2115","-10","-0.47","11632500000"
"214680","한화에이스스팩1호","KOSDAQ","금융","2140","-5","-0.23","9486620000"
"219860","한화에이스스팩2호","KOSDAQ","금융","2105","5","0.24","14993915000"
"102210","해덕파워웨이","KOSDAQ","운송장비·부품","8720","80","0.93","88712789200"
"034810","해성산업","KOSDAQ","기타서비스","24050","200","0.84","235209000000"
"076610","해성옵틱스","KOSDAQ","IT부품","5610","90","1.63","93546750000"
"008800","행남자기","KOSDAQ","비금속","5400","370","7.36","32610481200"
"054300","헤스본","KOSDAQ","기계·장비","1510","-25","-1.63","29626769270"
"170030","현대공업","KOSDAQ","운송장비·부품","5320","280","5.56","80199000000"
"221950","현대드림3호스팩","KOSDAQ","금융","2145","35","1.66","14618175000"
"048410","현대아이비티","KOSDAQ","정보기기","5040","80","1.61","152700675120"
"204760","현대에이블스팩1호","KOSDAQ","금융","2120","20","0.95","11713000000"
"026180","현대정보기술","KOSDAQ","컴퓨터서비스","2440","40","1.67","122813325200"
"039010","현대통신","KOSDAQ","통신장비","11250","-50","-0.44","97031250000"
"092300","현우산업","KOSDAQ","IT부품","1900","-40","-2.06","19000000000"
"053660","현진소재","KOSDAQ","금속","1305","0","0.00","30252611790"
"060560","홈센타","KOSDAQ","비금속","2380","5","0.21","64599307080"
"064240","홈캐스트","KOSDAQ","통신장비","6720","60","0.90","209468400960"
"039610","화성","KOSDAQ","기계·장비","5940","-50","-0.83","43243200000"
"126640","화신정공","KOSDAQ","운송장비·부품","1450","25","1.75","52742136150"
"086250","화신테크","KOSDAQ","기계·장비","2765","5","0.18","26820500000"
"061250","화일약품","KOSDAQ","제약","6470","40","0.62","93238898260"
"134780","화진","KOSDAQ","운송장비·부품","5240","10","0.19","64609200000"
"097870","효성오앤비","KOSDAQ","화학","20200","50","0.25","117160000000"
"050090","휘닉스소재","KOSDAQ","IT부품","1060","5","0.47","57554147960"
"115160","휴맥스","KOSDAQ","통신장비","19100","-450","-2.30","456715341800"
"028080","휴맥스홀딩스","KOSDAQ","기타서비스","11300","-400","-3.42","142125817800"
"200670","휴메딕스","KOSDAQ","제약","60800","200","0.33","529340608000"
"065510","휴비츠","KOSDAQ","의료·정밀기기","17850","300","1.71","211368472350"
"084110","휴온스","KOSDAQ","제약","90900","1000","1.11","1035910398600"
"024060","흥구석유","KOSDAQ","유통","2570","-10","-0.39","38550000000"
"010240","흥국","KOSDAQ","기계·장비","4420","-25","-0.56","27233158160"
"189980","흥국에프엔비","KOSDAQ","음식료·담배","39000","600","1.56","286310349000"
"037440","희림","KOSDAQ","기타서비스","4205","15","0.36","58544007375"